{"textures":{"0":"modelengine:entity/cicadus_egg"},"elements":[{"from":[4.6603594,6.281199,9.113883],"to":[8.660359,8.566914,11.399597],"rotation":{"angle":22.5,"axis":"y","origin":[3.5301147,7.615267,9.264141]},"faces":{"east":{"uv":[4.0,4.75,3.5,5.25],"rotation":0,"texture":"#0","tintindex":0},"south":{"uv":[6.5,6.75,7.375,7.25],"rotation":0,"texture":"#0","tintindex":0},"north":{"uv":[7.375,6.75,6.5,7.25],"rotation":0,"texture":"#0","tintindex":0},"west":{"uv":[4.0,4.75,3.5,5.25],"rotation":0,"texture":"#0","tintindex":0},"up":{"uv":[2.125,7.375,3.0,6.875],"rotation":0,"texture":"#0","tintindex":0},"down":{"uv":[2.125,6.875,3.0,7.375],"rotation":0,"texture":"#0","tintindex":0}}},{"from":[0.85779,7.2211885,8.544991],"to":[5.4292183,8.935474,10.544991],"rotation":{"angle":-22.5,"axis":"z","origin":[3.5301147,7.615267,9.264141]},"faces":{"east":{"uv":[3.5,6.875,3.0,7.25],"rotation":0,"texture":"#0","tintindex":0},"south":{"uv":[5.25,7.125,6.25,7.5],"rotation":0,"texture":"#0","tintindex":0},"north":{"uv":[6.25,7.125,5.25,7.5],"rotation":0,"texture":"#0","tintindex":0},"west":{"uv":[3.5,6.875,3.0,7.25],"rotation":0,"texture":"#0","tintindex":0},"up":{"uv":[6.0,1.625,7.0,1.125],"rotation":0,"texture":"#0","tintindex":0},"down":{"uv":[6.0,1.125,7.0,1.625],"rotation":0,"texture":"#0","tintindex":0}}},{"from":[-2.0476818,8.664522,8.687848],"to":[3.6666036,10.378808,10.402134],"rotation":{"angle":45.0,"axis":"z","origin":[3.5301147,7.615267,9.264141]},"faces":{"east":{"uv":[7.125,7.25,6.75,7.625],"rotation":0,"texture":"#0","tintindex":0},"south":{"uv":[6.0,2.625,7.25,3.0],"rotation":0,"texture":"#0","tintindex":0},"north":{"uv":[7.25,2.625,6.0,3.0],"rotation":0,"texture":"#0","tintindex":0},"west":{"uv":[7.125,7.25,6.75,7.625],"rotation":0,"texture":"#0","tintindex":0},"up":{"uv":[6.0,3.75,7.25,3.375],"rotation":0,"texture":"#0","tintindex":0},"down":{"uv":[6.0,3.375,7.25,3.75],"rotation":0,"texture":"#0","tintindex":0}}}],"display":{"head":{"translation":[0.0,-6.4,0.0],"scale":[4.0,4.0,4.0]}}}