{
	"credit": "Made with Blockbench",
	"texture_size": [128, 128],
	"textures": {
		"0": "item/hats/cicadus/cicadus_hat",
		"particle": "item/hats/cicadus/cicadus_hat"
	},
	"elements": [
		{
			"from": [-1.01453, -7.35258, -3.59234],
			"to": [16.98547, 10.64742, 14.40766],
			"rotation": {"angle": 0, "axis": "y", "origin": [8.21967, 1.25022, 1.85362]},
			"faces": {
				"north": {"uv": [0, 3.375, 2.25, 5.625], "texture": "#0"},
				"east": {"uv": [2.25, 3.375, 4.5, 5.625], "texture": "#0"},
				"south": {"uv": [4.5, 0, 6.75, 2.25], "texture": "#0"},
				"west": {"uv": [4.5, 3.375, 2.25, 5.625], "texture": "#0"},
				"up": {"uv": [6.75, 6.75, 4.5, 4.5], "texture": "#0"},
				"down": {"uv": [6.75, 4.5, 4.5, 6.75], "texture": "#0"}
			}
		},
		{
			"from": [4.91793, 4.65, 4.56007],
			"to": [5.01793, 31.65, 22.56007],
			"rotation": {"angle": -45, "axis": "y", "origin": [8.21967, 1.25022, 1.85362]},
			"faces": {
				"north": {"uv": [4.25, 5.625, 4.375, 9], "texture": "#0"},
				"east": {"uv": [4.5, 0, 2.25, 3.375], "texture": "#0"},
				"south": {"uv": [4.375, 5.625, 4.5, 9], "texture": "#0"},
				"west": {"uv": [2.25, 0, 4.5, 3.375], "texture": "#0"},
				"up": {"uv": [6.875, 6.25, 6.75, 4], "texture": "#0"},
				"down": {"uv": [4.625, 6.75, 4.5, 9], "texture": "#0"}
			}
		},
		{
			"from": [10.98207, 4.65, 4.56007],
			"to": [11.08207, 31.65, 22.56007],
			"rotation": {"angle": 45, "axis": "y", "origin": [7.78033, 1.25022, 1.85362]},
			"faces": {
				"north": {"uv": [4.375, 5.625, 4.25, 9], "texture": "#0"},
				"east": {"uv": [4.5, 0, 2.25, 3.375], "texture": "#0"},
				"south": {"uv": [4.5, 5.625, 4.375, 9], "texture": "#0"},
				"west": {"uv": [2.25, 0, 4.5, 3.375], "texture": "#0"},
				"up": {"uv": [6.75, 6.25, 6.875, 4], "texture": "#0"},
				"down": {"uv": [4.5, 6.75, 4.625, 9], "texture": "#0"}
			}
		},
		{
			"from": [23.25711, -10.35, 6.81018],
			"to": [23.35711, 9.65, 24.81018],
			"rotation": {"angle": 45, "axis": "y", "origin": [23.30711, 0.15, 15.81018]},
			"faces": {
				"north": {"uv": [4.375, 5.625, 4.25, 9], "texture": "#0"},
				"east": {"uv": [0, 0.5, 2.25, 3], "texture": "#0"},
				"south": {"uv": [4.5, 5.625, 4.375, 9], "texture": "#0"},
				"west": {"uv": [2.25, 0.5, 0, 3], "texture": "#0"},
				"up": {"uv": [6.75, 6.25, 6.875, 4], "texture": "#0"},
				"down": {"uv": [4.5, 6.75, 4.625, 9], "texture": "#0"}
			}
		},
		{
			"from": [-7.35711, -10.35, 6.81018],
			"to": [-7.25711, 9.65, 24.81018],
			"rotation": {"angle": -45, "axis": "y", "origin": [-7.30711, 0.15, 15.81018]},
			"faces": {
				"north": {"uv": [4.25, 5.625, 4.375, 9], "texture": "#0"},
				"east": {"uv": [0, 0.5, 2.25, 3], "texture": "#0"},
				"south": {"uv": [4.375, 5.625, 4.5, 9], "texture": "#0"},
				"west": {"uv": [2.25, 0.5, 0, 3], "texture": "#0"},
				"up": {"uv": [6.875, 6.25, 6.75, 4], "texture": "#0"},
				"down": {"uv": [4.625, 6.75, 4.5, 9], "texture": "#0"}
			}
		},
		{
			"from": [4.91793, 4.65, 4.56007],
			"to": [5.01793, 31.65, 22.56007],
			"rotation": {"angle": -45, "axis": "y", "origin": [8.21967, 1.25022, 1.85362]},
			"faces": {
				"north": {"uv": [4.25, 5.625, 4.375, 9], "texture": "#0"},
				"east": {"uv": [4.5, 0, 2.25, 3.375], "texture": "#0"},
				"south": {"uv": [4.375, 5.625, 4.5, 9], "texture": "#0"},
				"west": {"uv": [2.25, 0, 4.5, 3.375], "texture": "#0"},
				"up": {"uv": [6.875, 6.25, 6.75, 4], "texture": "#0"},
				"down": {"uv": [4.625, 6.75, 4.5, 9], "texture": "#0"}
			}
		},
		{
			"from": [1.4361, -4.40196, -6.59296],
			"to": [14.4361, 8.59804, -3.59296],
			"rotation": {"angle": 0, "axis": "y", "origin": [8.21967, 1.25022, 1.45362]},
			"faces": {
				"north": {"uv": [2.25, 5.625, 3.875, 7.25], "texture": "#0"},
				"east": {"uv": [6.75, 1.625, 7.125, 3.25], "texture": "#0"},
				"south": {"uv": [2.25, 5.625, 3.875, 7.25], "texture": "#0"},
				"west": {"uv": [7.125, 1.625, 6.75, 3.25], "texture": "#0"},
				"up": {"uv": [8.375, 3.625, 6.75, 3.25], "texture": "#0"},
				"down": {"uv": [8.375, 3.25, 6.75, 3.625], "texture": "#0"}
			}
		}
	],
	"display": {
		"thirdperson_righthand": {
			"scale": [0.5, 0.5, 0.5]
		},
		"thirdperson_lefthand": {
			"scale": [0.5, 0.5, 0.5]
		},
		"firstperson_righthand": {
			"scale": [0.5, 0.5, 0.5]
		},
		"firstperson_lefthand": {
			"scale": [0.5, 0.5, 0.5]
		},
		"ground": {
			"translation": [0, 10.25, 0],
			"scale": [0.75, 0.75, 0.75]
		},
		"gui": {
			"rotation": [158.17, -36.65, 156.02],
			"translation": [0.25, -0.75, 0],
			"scale": [0.4, 0.4, 0.4]
		},
		"head": {
			"translation": [0, 6.25, 2.5],
			"scale": [0.9, 0.9, 0.9]
		},
		"fixed": {
			"translation": [0, 6.25, -0.75]
		}
	},
	"groups": [
		{
			"name": "cicadus_hat",
			"origin": [-0.5656, 0.19274, 12.14928],
			"color": 0,
			"children": [0, 1, 2, 3, 4, 5, 6]
		}
	]
}