{"textures":{"0":"modelengine:entity/sintia_vfx"},"elements":[{"from":[4.285714,-14.857143,4.285714],"to":[11.714286,30.857143,11.714286],"rotation":{"angle":0.0,"axis":"y","origin":[8.0,8.0,8.0]},"faces":{"east":{"uv":[0.0,0.0,1.625,10.0],"rotation":0,"texture":"#0","tintindex":0},"south":{"uv":[1.625,0.0,0.0,10.0],"rotation":0,"texture":"#0","tintindex":0},"north":{"uv":[0.0,0.0,1.625,10.0],"rotation":0,"texture":"#0","tintindex":0},"west":{"uv":[1.625,0.0,0.0,10.0],"rotation":0,"texture":"#0","tintindex":0},"up":{"uv":[1.625,11.625,0.0,10.0],"rotation":0,"texture":"#0","tintindex":0},"down":{"uv":[1.625,11.625,0.0,13.25],"rotation":0,"texture":"#0","tintindex":0}}}],"display":{"head":{"translation":[0.0,-6.4,0.0],"scale":[4.0,4.0,4.0]}}}