{"textures":{"0":"modelengine:entity/sintia"},"elements":[{"from":[3.1283197,3.8772397,-0.6065035],"to":[12.842606,13.591526,8.536354],"rotation":{"angle":0.0,"axis":"y","origin":[7.9854627,9.077269,3.5013041]},"faces":{"east":{"uv":[2.8125,11.125,3.8125,12.1875],"rotation":0,"texture":"#0","tintindex":0},"south":{"uv":[10.375,2.875,11.4375,3.9375],"rotation":0,"texture":"#0","tintindex":0},"north":{"uv":[11.4375,2.875,10.375,3.9375],"rotation":0,"texture":"#0","tintindex":0},"west":{"uv":[3.8125,11.125,2.8125,12.1875],"rotation":0,"texture":"#0","tintindex":0},"up":{"uv":[7.5625,12.125,6.5,11.125],"rotation":0,"texture":"#0","tintindex":0},"down":{"uv":[8.625,11.125,7.5625,12.125],"rotation":0,"texture":"#0","tintindex":0}}},{"from":[7.8915415,1.0200968,10.370255],"to":[7.948684,17.591526,25.2274],"rotation":{"angle":45.0,"axis":"y","origin":[7.9854627,9.077269,3.5013041]},"faces":{"east":{"uv":[5.8125,6.5625,7.4375,8.375],"rotation":0,"texture":"#0","tintindex":0},"south":{"uv":[2.5,13.4375,2.5625,15.25],"rotation":0,"texture":"#0","tintindex":0},"north":{"uv":[2.4375,13.4375,2.5,15.25],"rotation":0,"texture":"#0","tintindex":0},"west":{"uv":[7.4375,6.5625,5.8125,8.375],"rotation":0,"texture":"#0","tintindex":0},"up":{"uv":[2.625,15.0625,2.5625,13.4375],"rotation":0,"texture":"#0","tintindex":0},"down":{"uv":[2.6875,13.4375,2.625,15.0625],"rotation":0,"texture":"#0","tintindex":0}}},{"from":[8.022242,1.0200968,10.370255],"to":[8.079385,17.591526,25.2274],"rotation":{"angle":-45.0,"axis":"y","origin":[7.9854627,9.077269,3.5013041]},"faces":{"east":{"uv":[5.8125,6.5625,7.4375,8.375],"rotation":0,"texture":"#0","tintindex":0},"south":{"uv":[2.5625,13.4375,2.5,15.25],"rotation":0,"texture":"#0","tintindex":0},"north":{"uv":[2.5,13.4375,2.4375,15.25],"rotation":0,"texture":"#0","tintindex":0},"west":{"uv":[7.4375,6.5625,5.8125,8.375],"rotation":0,"texture":"#0","tintindex":0},"up":{"uv":[2.5625,15.0625,2.625,13.4375],"rotation":0,"texture":"#0","tintindex":0},"down":{"uv":[2.625,13.4375,2.6875,15.0625],"rotation":0,"texture":"#0","tintindex":0}}},{"from":[10.488906,-3.5513325,10.011831],"to":[10.546048,21.020098,27.15469],"rotation":{"angle":22.5,"axis":"y","origin":[7.9854627,9.077269,3.5013041]},"faces":{"east":{"uv":[2.75,0.0,4.625,2.6875],"rotation":0,"texture":"#0","tintindex":0},"south":{"uv":[8.3125,13.0625,8.375,15.75],"rotation":0,"texture":"#0","tintindex":0},"north":{"uv":[8.25,13.0625,8.3125,15.75],"rotation":0,"texture":"#0","tintindex":0},"west":{"uv":[4.625,0.0,2.75,2.6875],"rotation":0,"texture":"#0","tintindex":0},"up":{"uv":[13.0,15.25,12.9375,13.375],"rotation":0,"texture":"#0","tintindex":0},"down":{"uv":[13.0625,13.375,13.0,15.25],"rotation":0,"texture":"#0","tintindex":0}}},{"from":[10.474567,-13.432947,-7.443012],"to":[10.531711,3.7099113,17.128418],"rotation":{"angle":22.5,"axis":"z","origin":[7.9854627,9.077269,3.5013041]},"faces":{"east":{"uv":[5.75,13.0625,8.4375,14.9375],"rotation":0,"texture":"#0","tintindex":0},"south":{"uv":[0.0,0.0,0.00625,1.875],"rotation":0,"texture":"#0","tintindex":0},"north":{"uv":[0.0,0.0,0.00625,1.875],"rotation":0,"texture":"#0","tintindex":0},"west":{"uv":[8.4375,13.0625,5.75,14.9375],"rotation":0,"texture":"#0","tintindex":0},"up":{"uv":[0.0,0.0,0.00625,2.6875],"rotation":0,"texture":"#0","tintindex":0},"down":{"uv":[0.0,0.0,0.00625,2.6875],"rotation":0,"texture":"#0","tintindex":0}}},{"from":[8.188492,12.420126,-8.643013],"to":[8.245634,29.562984,15.928417],"rotation":{"angle":0.0,"axis":"y","origin":[7.9854627,9.077269,3.5013041]},"faces":{"east":{"uv":[8.4375,14.9375,5.75,13.0625],"rotation":0,"texture":"#0","tintindex":0},"south":{"uv":[0.0,0.0,0.00625,1.875],"rotation":0,"texture":"#0","tintindex":0},"north":{"uv":[0.0,0.0,0.00625,1.875],"rotation":0,"texture":"#0","tintindex":0},"west":{"uv":[5.75,14.9375,8.4375,13.0625],"rotation":0,"texture":"#0","tintindex":0},"up":{"uv":[0.0,0.0,0.00625,2.6875],"rotation":0,"texture":"#0","tintindex":0},"down":{"uv":[0.0,0.0,0.00625,2.6875],"rotation":0,"texture":"#0","tintindex":0}}},{"from":[5.4392157,-13.432947,-7.443012],"to":[5.496358,3.7099113,17.128418],"rotation":{"angle":-22.5,"axis":"z","origin":[7.9854627,9.077269,3.5013041]},"faces":{"east":{"uv":[5.75,13.0625,8.4375,14.9375],"rotation":0,"texture":"#0","tintindex":0},"south":{"uv":[0.00625,0.0,0.0,1.875],"rotation":0,"texture":"#0","tintindex":0},"north":{"uv":[0.00625,0.0,0.0,1.875],"rotation":0,"texture":"#0","tintindex":0},"west":{"uv":[8.4375,13.0625,5.75,14.9375],"rotation":0,"texture":"#0","tintindex":0},"up":{"uv":[0.00625,0.0,0.0,2.6875],"rotation":0,"texture":"#0","tintindex":0},"down":{"uv":[0.00625,0.0,0.0,2.6875],"rotation":0,"texture":"#0","tintindex":0}}},{"from":[5.424877,-3.5513325,10.011831],"to":[5.4820204,21.020098,27.15469],"rotation":{"angle":-22.5,"axis":"y","origin":[7.9854627,9.077269,3.5013041]},"faces":{"east":{"uv":[2.75,0.0,4.625,2.6875],"rotation":0,"texture":"#0","tintindex":0},"south":{"uv":[8.375,13.0625,8.3125,15.75],"rotation":0,"texture":"#0","tintindex":0},"north":{"uv":[8.3125,13.0625,8.25,15.75],"rotation":0,"texture":"#0","tintindex":0},"west":{"uv":[4.625,0.0,2.75,2.6875],"rotation":0,"texture":"#0","tintindex":0},"up":{"uv":[12.9375,15.25,13.0,13.375],"rotation":0,"texture":"#0","tintindex":0},"down":{"uv":[13.0,13.375,13.0625,15.25],"rotation":0,"texture":"#0","tintindex":0}}},{"from":[3.9854627,7.87724,-10.320789],"to":[11.985463,12.448669,-0.6065035],"rotation":{"angle":0.0,"axis":"y","origin":[7.9854627,9.077269,3.5013041]},"faces":{"east":{"uv":[9.125,2.875,10.1875,3.375],"rotation":0,"texture":"#0","tintindex":0},"south":{"uv":[11.4375,2.125,10.5625,2.625],"rotation":0,"texture":"#0","tintindex":0},"north":{"uv":[10.5625,2.125,11.4375,2.625],"rotation":0,"texture":"#0","tintindex":0},"west":{"uv":[10.1875,2.875,9.125,3.375],"rotation":0,"texture":"#0","tintindex":0},"up":{"uv":[12.8125,7.0,11.9375,5.9375],"rotation":0,"texture":"#0","tintindex":0},"down":{"uv":[12.8125,5.9375,11.9375,7.0],"rotation":0,"texture":"#0","tintindex":0}}},{"from":[9.094674,9.121759,-10.892218],"to":[13.094675,11.978903,-8.035076],"rotation":{"angle":22.5,"axis":"z","origin":[7.9854627,9.077269,3.5013041]},"faces":{"east":{"uv":[2.375,5.0625,2.6875,5.375],"rotation":0,"texture":"#0","tintindex":0},"south":{"uv":[5.3125,10.9375,4.875,11.25],"rotation":0,"texture":"#0","tintindex":0},"north":{"uv":[4.875,10.9375,5.3125,11.25],"rotation":0,"texture":"#0","tintindex":0},"west":{"uv":[2.6875,5.0625,2.375,5.375],"rotation":0,"texture":"#0","tintindex":0},"up":{"uv":[11.5625,13.6875,11.125,13.375],"rotation":0,"texture":"#0","tintindex":0},"down":{"uv":[11.5625,13.375,11.125,13.6875],"rotation":0,"texture":"#0","tintindex":0}}},{"from":[2.8762517,9.121759,-10.892218],"to":[6.8762517,11.978903,-8.035076],"rotation":{"angle":-22.5,"axis":"z","origin":[7.9854627,9.077269,3.5013041]},"faces":{"east":{"uv":[2.375,5.0625,2.6875,5.375],"rotation":0,"texture":"#0","tintindex":0},"south":{"uv":[4.875,10.9375,5.3125,11.25],"rotation":0,"texture":"#0","tintindex":0},"north":{"uv":[5.3125,10.9375,4.875,11.25],"rotation":0,"texture":"#0","tintindex":0},"west":{"uv":[2.6875,5.0625,2.375,5.375],"rotation":0,"texture":"#0","tintindex":0},"up":{"uv":[11.125,13.6875,11.5625,13.375],"rotation":0,"texture":"#0","tintindex":0},"down":{"uv":[11.125,13.375,11.5625,13.6875],"rotation":0,"texture":"#0","tintindex":0}}},{"from":[4.5854626,6.1629543,-8.977926],"to":[11.271177,7.87724,-1.2064972],"rotation":{"angle":0.0,"axis":"y","origin":[7.9854627,9.077269,3.5584474]},"faces":{"east":{"uv":[13.1875,5.8125,14.0625,5.625],"rotation":0,"texture":"#0","tintindex":0},"south":{"uv":[13.375,9.5,14.125,9.3125],"rotation":0,"texture":"#0","tintindex":0},"north":{"uv":[12.0625,10.3125,12.8125,10.125],"rotation":0,"texture":"#0","tintindex":0},"west":{"uv":[14.0625,5.8125,13.1875,5.625],"rotation":0,"texture":"#0","tintindex":0},"up":{"uv":[13.1875,3.9375,12.4375,3.0625],"rotation":0,"texture":"#0","tintindex":0},"down":{"uv":[13.1875,0.0,12.4375,0.875],"rotation":0,"texture":"#0","tintindex":0}}}],"display":{"head":{"translation":[0.0,-6.4,0.0],"scale":[4.0,4.0,4.0]}}}