{"textures":{"0":"modelengine:entity/sintia"},"elements":[{"from":[3.3969712,3.1713996,-1.5634918],"to":[13.111258,12.885686,7.5793657],"rotation":{"angle":0.0,"axis":"y","origin":[8.254114,8.3714285,2.5443158]},"faces":{"east":{"uv":[2.8125,11.125,3.8125,12.1875],"rotation":0,"texture":"#0","tintindex":0},"south":{"uv":[10.375,2.875,11.4375,3.9375],"rotation":0,"texture":"#0","tintindex":0},"north":{"uv":[11.4375,2.875,10.375,3.9375],"rotation":0,"texture":"#0","tintindex":0},"west":{"uv":[3.8125,11.125,2.8125,12.1875],"rotation":0,"texture":"#0","tintindex":0},"up":{"uv":[7.5625,12.125,6.5,11.125],"rotation":0,"texture":"#0","tintindex":0},"down":{"uv":[8.625,11.125,7.5625,12.125],"rotation":0,"texture":"#0","tintindex":0}}},{"from":[8.1601925,0.31425667,9.413267],"to":[8.217336,16.885685,24.27041],"rotation":{"angle":45.0,"axis":"y","origin":[8.254114,8.3714285,2.5443158]},"faces":{"east":{"uv":[5.8125,6.5625,7.4375,8.375],"rotation":0,"texture":"#0","tintindex":0},"south":{"uv":[2.5,13.4375,2.5625,15.25],"rotation":0,"texture":"#0","tintindex":0},"north":{"uv":[2.4375,13.4375,2.5,15.25],"rotation":0,"texture":"#0","tintindex":0},"west":{"uv":[7.4375,6.5625,5.8125,8.375],"rotation":0,"texture":"#0","tintindex":0},"up":{"uv":[2.625,15.0625,2.5625,13.4375],"rotation":0,"texture":"#0","tintindex":0},"down":{"uv":[2.6875,13.4375,2.625,15.0625],"rotation":0,"texture":"#0","tintindex":0}}},{"from":[8.290893,0.31425667,9.413267],"to":[8.348036,16.885685,24.27041],"rotation":{"angle":-45.0,"axis":"y","origin":[8.254114,8.3714285,2.5443158]},"faces":{"east":{"uv":[5.8125,6.5625,7.4375,8.375],"rotation":0,"texture":"#0","tintindex":0},"south":{"uv":[2.5625,13.4375,2.5,15.25],"rotation":0,"texture":"#0","tintindex":0},"north":{"uv":[2.5,13.4375,2.4375,15.25],"rotation":0,"texture":"#0","tintindex":0},"west":{"uv":[7.4375,6.5625,5.8125,8.375],"rotation":0,"texture":"#0","tintindex":0},"up":{"uv":[2.5625,15.0625,2.625,13.4375],"rotation":0,"texture":"#0","tintindex":0},"down":{"uv":[2.625,13.4375,2.6875,15.0625],"rotation":0,"texture":"#0","tintindex":0}}},{"from":[10.757557,-4.2571726,9.054843],"to":[10.8147,20.314259,26.1977],"rotation":{"angle":22.5,"axis":"y","origin":[8.254114,8.3714285,2.5443158]},"faces":{"east":{"uv":[2.75,0.0,4.625,2.6875],"rotation":0,"texture":"#0","tintindex":0},"south":{"uv":[8.3125,13.0625,8.375,15.75],"rotation":0,"texture":"#0","tintindex":0},"north":{"uv":[8.25,13.0625,8.3125,15.75],"rotation":0,"texture":"#0","tintindex":0},"west":{"uv":[4.625,0.0,2.75,2.6875],"rotation":0,"texture":"#0","tintindex":0},"up":{"uv":[13.0,15.25,12.9375,13.375],"rotation":0,"texture":"#0","tintindex":0},"down":{"uv":[13.0625,13.375,13.0,15.25],"rotation":0,"texture":"#0","tintindex":0}}},{"from":[10.743219,-14.138786,-8.400002],"to":[10.800362,3.0040717,16.171429],"rotation":{"angle":22.5,"axis":"z","origin":[8.254114,8.3714285,2.5443158]},"faces":{"east":{"uv":[5.75,13.0625,8.4375,14.9375],"rotation":0,"texture":"#0","tintindex":0},"south":{"uv":[0.0,0.0,0.00625,1.875],"rotation":0,"texture":"#0","tintindex":0},"north":{"uv":[0.0,0.0,0.00625,1.875],"rotation":0,"texture":"#0","tintindex":0},"west":{"uv":[8.4375,13.0625,5.75,14.9375],"rotation":0,"texture":"#0","tintindex":0},"up":{"uv":[0.0,0.0,0.00625,2.6875],"rotation":0,"texture":"#0","tintindex":0},"down":{"uv":[0.0,0.0,0.00625,2.6875],"rotation":0,"texture":"#0","tintindex":0}}},{"from":[8.457143,11.714286,-9.6],"to":[8.514286,28.857143,14.971429],"rotation":{"angle":0.0,"axis":"y","origin":[8.254114,8.3714285,2.5443158]},"faces":{"east":{"uv":[8.4375,14.9375,5.75,13.0625],"rotation":0,"texture":"#0","tintindex":0},"south":{"uv":[0.0,0.0,0.00625,1.875],"rotation":0,"texture":"#0","tintindex":0},"north":{"uv":[0.0,0.0,0.00625,1.875],"rotation":0,"texture":"#0","tintindex":0},"west":{"uv":[5.75,14.9375,8.4375,13.0625],"rotation":0,"texture":"#0","tintindex":0},"up":{"uv":[0.0,0.0,0.00625,2.6875],"rotation":0,"texture":"#0","tintindex":0},"down":{"uv":[0.0,0.0,0.00625,2.6875],"rotation":0,"texture":"#0","tintindex":0}}},{"from":[5.7078667,-14.138786,-8.400002],"to":[5.76501,3.0040717,16.171429],"rotation":{"angle":-22.5,"axis":"z","origin":[8.254114,8.3714285,2.5443158]},"faces":{"east":{"uv":[5.75,13.0625,8.4375,14.9375],"rotation":0,"texture":"#0","tintindex":0},"south":{"uv":[0.00625,0.0,0.0,1.875],"rotation":0,"texture":"#0","tintindex":0},"north":{"uv":[0.00625,0.0,0.0,1.875],"rotation":0,"texture":"#0","tintindex":0},"west":{"uv":[8.4375,13.0625,5.75,14.9375],"rotation":0,"texture":"#0","tintindex":0},"up":{"uv":[0.00625,0.0,0.0,2.6875],"rotation":0,"texture":"#0","tintindex":0},"down":{"uv":[0.00625,0.0,0.0,2.6875],"rotation":0,"texture":"#0","tintindex":0}}},{"from":[5.6935287,-4.2571726,9.054843],"to":[5.7506714,20.314259,26.1977],"rotation":{"angle":-22.5,"axis":"y","origin":[8.254114,8.3714285,2.5443158]},"faces":{"east":{"uv":[2.75,0.0,4.625,2.6875],"rotation":0,"texture":"#0","tintindex":0},"south":{"uv":[8.375,13.0625,8.3125,15.75],"rotation":0,"texture":"#0","tintindex":0},"north":{"uv":[8.3125,13.0625,8.25,15.75],"rotation":0,"texture":"#0","tintindex":0},"west":{"uv":[4.625,0.0,2.75,2.6875],"rotation":0,"texture":"#0","tintindex":0},"up":{"uv":[12.9375,15.25,13.0,13.375],"rotation":0,"texture":"#0","tintindex":0},"down":{"uv":[13.0,13.375,13.0625,15.25],"rotation":0,"texture":"#0","tintindex":0}}},{"from":[4.254114,7.1714,-11.277779],"to":[12.254114,11.742828,-1.5634918],"rotation":{"angle":0.0,"axis":"y","origin":[8.254114,8.3714285,2.5443158]},"faces":{"east":{"uv":[9.125,2.875,10.1875,3.375],"rotation":0,"texture":"#0","tintindex":0},"south":{"uv":[11.4375,2.125,10.5625,2.625],"rotation":0,"texture":"#0","tintindex":0},"north":{"uv":[10.5625,2.125,11.4375,2.625],"rotation":0,"texture":"#0","tintindex":0},"west":{"uv":[10.1875,2.875,9.125,3.375],"rotation":0,"texture":"#0","tintindex":0},"up":{"uv":[12.8125,7.0,11.9375,5.9375],"rotation":0,"texture":"#0","tintindex":0},"down":{"uv":[12.8125,5.9375,11.9375,7.0],"rotation":0,"texture":"#0","tintindex":0}}},{"from":[9.363325,8.41592,-11.849207],"to":[13.363325,11.273063,-8.9920635],"rotation":{"angle":22.5,"axis":"z","origin":[8.254114,8.3714285,2.5443158]},"faces":{"east":{"uv":[2.375,5.0625,2.6875,5.375],"rotation":0,"texture":"#0","tintindex":0},"south":{"uv":[5.3125,10.9375,4.875,11.25],"rotation":0,"texture":"#0","tintindex":0},"north":{"uv":[4.875,10.9375,5.3125,11.25],"rotation":0,"texture":"#0","tintindex":0},"west":{"uv":[2.6875,5.0625,2.375,5.375],"rotation":0,"texture":"#0","tintindex":0},"up":{"uv":[11.5625,13.6875,11.125,13.375],"rotation":0,"texture":"#0","tintindex":0},"down":{"uv":[11.5625,13.375,11.125,13.6875],"rotation":0,"texture":"#0","tintindex":0}}},{"from":[3.1449027,8.41592,-11.849207],"to":[7.144903,11.273063,-8.9920635],"rotation":{"angle":-22.5,"axis":"z","origin":[8.254114,8.3714285,2.5443158]},"faces":{"east":{"uv":[2.375,5.0625,2.6875,5.375],"rotation":0,"texture":"#0","tintindex":0},"south":{"uv":[4.875,10.9375,5.3125,11.25],"rotation":0,"texture":"#0","tintindex":0},"north":{"uv":[5.3125,10.9375,4.875,11.25],"rotation":0,"texture":"#0","tintindex":0},"west":{"uv":[2.6875,5.0625,2.375,5.375],"rotation":0,"texture":"#0","tintindex":0},"up":{"uv":[11.125,13.6875,11.5625,13.375],"rotation":0,"texture":"#0","tintindex":0},"down":{"uv":[11.125,13.375,11.5625,13.6875],"rotation":0,"texture":"#0","tintindex":0}}},{"from":[4.854114,5.457114,-9.934916],"to":[11.539828,7.1714,-2.1634865],"rotation":{"angle":0.0,"axis":"y","origin":[8.254114,8.3714285,2.6014585]},"faces":{"east":{"uv":[13.1875,5.8125,14.0625,5.625],"rotation":0,"texture":"#0","tintindex":0},"south":{"uv":[13.375,9.5,14.125,9.3125],"rotation":0,"texture":"#0","tintindex":0},"north":{"uv":[12.0625,10.3125,12.8125,10.125],"rotation":0,"texture":"#0","tintindex":0},"west":{"uv":[14.0625,5.8125,13.1875,5.625],"rotation":0,"texture":"#0","tintindex":0},"up":{"uv":[13.1875,3.9375,12.4375,3.0625],"rotation":0,"texture":"#0","tintindex":0},"down":{"uv":[13.1875,0.0,12.4375,0.875],"rotation":0,"texture":"#0","tintindex":0}}}],"display":{"head":{"translation":[0.0,-6.4,0.0],"scale":[4.0,4.0,4.0]}}}