{"textures":{"0":"modelengine:entity/sintia"},"elements":[{"from":[7.7264457,-10.414286,-3.4843607],"to":[7.7835884,8.442857,18.229927],"rotation":{"angle":0.0,"axis":"y","origin":[7.8775086,7.0142856,5.2292485]},"faces":{"east":{"uv":[0.0,3.75,2.375,5.8125],"rotation":0,"texture":"#0","tintindex":0},"south":{"uv":[12.875,13.375,12.9375,15.4375],"rotation":0,"texture":"#0","tintindex":0},"north":{"uv":[5.375,13.3125,5.4375,15.375],"rotation":0,"texture":"#0","tintindex":0},"west":{"uv":[2.375,3.75,0.0,5.8125],"rotation":0,"texture":"#0","tintindex":0},"up":{"uv":[8.4375,15.4375,8.375,13.0625],"rotation":0,"texture":"#0","tintindex":0},"down":{"uv":[8.5,13.0625,8.4375,15.4375],"rotation":0,"texture":"#0","tintindex":0}}},{"from":[4.0857143,5.0142856,-1.2000008],"to":[11.914286,8.442857,7.3714285],"rotation":{"angle":0.0,"axis":"y","origin":[7.8775086,7.0142856,5.2292485]},"faces":{"east":{"uv":[13.0625,4.375,14.0,4.75],"rotation":0,"texture":"#0","tintindex":0},"south":{"uv":[1.4375,13.125,0.5625,13.5],"rotation":0,"texture":"#0","tintindex":0},"north":{"uv":[0.5625,13.125,1.4375,13.5],"rotation":0,"texture":"#0","tintindex":0},"west":{"uv":[14.0,4.375,13.0625,4.75],"rotation":0,"texture":"#0","tintindex":0},"up":{"uv":[7.625,13.0625,6.75,12.125],"rotation":0,"texture":"#0","tintindex":0},"down":{"uv":[7.625,12.125,6.75,13.0625],"rotation":0,"texture":"#0","tintindex":0}}},{"from":[4.6571426,8.442857,-0.40000057],"to":[11.342857,10.157143,7.3714285],"rotation":{"angle":0.0,"axis":"y","origin":[7.8775086,7.0142856,5.2292485]},"faces":{"east":{"uv":[13.1875,5.625,14.0625,5.8125],"rotation":0,"texture":"#0","tintindex":0},"south":{"uv":[13.375,9.3125,14.125,9.5],"rotation":0,"texture":"#0","tintindex":0},"north":{"uv":[12.0625,10.125,12.8125,10.3125],"rotation":0,"texture":"#0","tintindex":0},"west":{"uv":[14.0625,5.625,13.1875,5.8125],"rotation":0,"texture":"#0","tintindex":0},"up":{"uv":[13.1875,0.875,12.4375,0.0],"rotation":0,"texture":"#0","tintindex":0},"down":{"uv":[13.1875,3.0625,12.4375,3.9375],"rotation":0,"texture":"#0","tintindex":0}}}],"display":{"head":{"translation":[0.0,-6.4,0.0],"scale":[4.0,4.0,4.0]}}}