{"textures":{"0":"modelengine:entity/sintia"},"elements":[{"from":[3.2857141,5.285714,5.714284],"to":[12.714286,14.714286,32.0],"rotation":{"angle":0.0,"axis":"y","origin":[8.0,10.017907,18.838886]},"faces":{"east":{"uv":[5.8125,4.4375,8.6875,5.5],"rotation":0,"texture":"#0","tintindex":0},"south":{"uv":[7.625,4.4375,8.6875,5.5],"rotation":0,"texture":"#0","tintindex":0},"north":{"uv":[7.625,4.4375,8.6875,5.5],"rotation":0,"texture":"#0","tintindex":0},"west":{"uv":[8.6875,4.4375,5.8125,5.5],"rotation":0,"texture":"#0","tintindex":0},"up":{"uv":[4.625,8.25,3.5625,5.375],"rotation":0,"texture":"#0","tintindex":0},"down":{"uv":[1.0625,5.8125,0.0,8.6875],"rotation":0,"texture":"#0","tintindex":0}}},{"from":[8.754063,14.375456,13.714284],"to":[8.925491,28.661171,23.42857],"rotation":{"angle":-22.5,"axis":"z","origin":[8.0,10.017907,18.838886]},"faces":{"east":{"uv":[3.5625,2.6875,4.625,4.25],"rotation":0,"texture":"#0","tintindex":0},"south":{"uv":[5.9375,15.0625,7.0,16.0],"rotation":0,"texture":"#0","tintindex":0},"north":{"uv":[6.1875,15.0625,7.25,16.0],"rotation":0,"texture":"#0","tintindex":0},"west":{"uv":[4.625,2.6875,3.5625,4.25],"rotation":0,"texture":"#0","tintindex":0},"up":{"uv":[7.8125,16.0,6.75,14.9375],"rotation":0,"texture":"#0","tintindex":0},"down":{"uv":[7.625,14.9375,6.5625,16.0],"rotation":0,"texture":"#0","tintindex":0}}},{"from":[7.074509,14.375456,13.714284],"to":[7.245938,28.661171,23.42857],"rotation":{"angle":22.5,"axis":"z","origin":[8.0,10.017907,18.838886]},"faces":{"east":{"uv":[3.5625,2.6875,4.625,4.25],"rotation":0,"texture":"#0","tintindex":0},"south":{"uv":[7.0,15.0625,5.9375,16.0],"rotation":0,"texture":"#0","tintindex":0},"north":{"uv":[7.25,15.0625,6.1875,16.0],"rotation":0,"texture":"#0","tintindex":0},"west":{"uv":[4.625,2.6875,3.5625,4.25],"rotation":0,"texture":"#0","tintindex":0},"up":{"uv":[6.75,16.0,7.8125,14.9375],"rotation":0,"texture":"#0","tintindex":0},"down":{"uv":[6.5625,14.9375,7.625,16.0],"rotation":0,"texture":"#0","tintindex":0}}},{"from":[7.917314,10.142886,6.8206325],"to":[7.9744573,27.285744,31.392063],"rotation":{"angle":0.0,"axis":"y","origin":[8.0,10.017907,18.838886]},"faces":{"east":{"uv":[8.4375,14.9375,5.75,13.0625],"rotation":0,"texture":"#0","tintindex":0},"south":{"uv":[0.0,0.0,0.00625,1.875],"rotation":0,"texture":"#0","tintindex":0},"north":{"uv":[0.0,0.0,0.00625,1.875],"rotation":0,"texture":"#0","tintindex":0},"west":{"uv":[5.75,14.9375,8.4375,13.0625],"rotation":0,"texture":"#0","tintindex":0},"up":{"uv":[0.0,0.0,0.00625,2.6875],"rotation":0,"texture":"#0","tintindex":0},"down":{"uv":[0.0,0.0,0.00625,2.6875],"rotation":0,"texture":"#0","tintindex":0}}}],"display":{"head":{"translation":[0.0,-6.4,8.000008],"scale":[4.0,4.0,4.0]}}}