{"textures":{"0":"modelengine:entity/sintia"},"elements":[{"from":[3.1999998,3.7142854,-2.0],"to":[12.8,12.285715,7.714286],"rotation":{"angle":0.0,"axis":"y","origin":[8.0,8.0,2.8571424]},"faces":{"east":{"uv":[9.75,11.625,10.8125,12.5625],"rotation":0,"texture":"#0","tintindex":0},"south":{"uv":[12.6875,0.9375,11.625,1.875],"rotation":0,"texture":"#0","tintindex":0},"north":{"uv":[12.6875,0.9375,11.625,1.875],"rotation":0,"texture":"#0","tintindex":0},"west":{"uv":[10.8125,11.625,9.75,12.5625],"rotation":0,"texture":"#0","tintindex":0},"up":{"uv":[1.0625,8.1875,2.125,7.125],"rotation":0,"texture":"#0","tintindex":0},"down":{"uv":[9.875,10.5625,10.9375,11.625],"rotation":0,"texture":"#0","tintindex":0}}}],"display":{"head":{"translation":[0.0,-6.4,0.0],"scale":[4.0,4.0,4.0]}}}