{"textures":{"0":"modelengine:entity/sintia"},"elements":[{"from":[1.1428566,7.6285715,-1.7142859],"to":[14.857143,19.8,8.571428],"rotation":{"angle":0.0,"axis":"y","origin":[8.0,13.714286,3.4285712]},"faces":{"east":{"uv":[1.0625,5.8125,2.1875,7.125],"rotation":0,"texture":"#0","tintindex":0},"south":{"uv":[2.3125,9.8125,0.8125,11.125],"rotation":0,"texture":"#0","tintindex":0},"north":{"uv":[0.8125,9.8125,2.3125,11.125],"rotation":0,"texture":"#0","tintindex":0},"west":{"uv":[2.1875,5.8125,1.0625,7.125],"rotation":0,"texture":"#0","tintindex":0},"up":{"uv":[5.3125,10.9375,3.8125,9.8125],"rotation":0,"texture":"#0","tintindex":0},"down":{"uv":[11.375,8.125,9.875,9.25],"rotation":0,"texture":"#0","tintindex":0}}}],"display":{"head":{"translation":[0.0,-6.4,0.0],"scale":[4.0,4.0,4.0]}}}