{"textures":{"0":"modelengine:entity/sintia"},"elements":[{"from":[3.1999998,3.7142854,-2.0],"to":[12.8,12.285715,7.714286],"rotation":{"angle":0.0,"axis":"y","origin":[8.0,8.0,2.8571424]},"faces":{"east":{"uv":[9.75,11.625,10.8125,12.5625],"rotation":0,"texture":"#0","tintindex":0},"south":{"uv":[11.625,0.9375,12.6875,1.875],"rotation":0,"texture":"#0","tintindex":0},"north":{"uv":[11.625,0.9375,12.6875,1.875],"rotation":0,"texture":"#0","tintindex":0},"west":{"uv":[10.8125,11.625,9.75,12.5625],"rotation":0,"texture":"#0","tintindex":0},"up":{"uv":[2.125,8.1875,1.0625,7.125],"rotation":0,"texture":"#0","tintindex":0},"down":{"uv":[10.9375,10.5625,9.875,11.625],"rotation":0,"texture":"#0","tintindex":0}}}],"display":{"head":{"translation":[0.0,-6.4,0.0],"scale":[4.0,4.0,4.0]}}}