{"textures":{"0":"modelengine:entity/sintia"},"elements":[{"from":[2.7142854,4.142857,5.714284],"to":[13.285715,14.714286,32.0],"rotation":{"angle":0.0,"axis":"y","origin":[8.0,9.446479,19.285713]},"faces":{"east":{"uv":[4.625,2.0625,7.5,3.25],"rotation":0,"texture":"#0","tintindex":0},"south":{"uv":[6.3125,2.0625,7.5,3.25],"rotation":0,"texture":"#0","tintindex":0},"north":{"uv":[6.3125,2.0625,7.5,3.25],"rotation":0,"texture":"#0","tintindex":0},"west":{"uv":[7.5,2.0625,4.625,3.25],"rotation":0,"texture":"#0","tintindex":0},"up":{"uv":[5.8125,7.3125,4.625,4.4375],"rotation":0,"texture":"#0","tintindex":0},"down":{"uv":[3.5625,5.375,2.375,8.25],"rotation":0,"texture":"#0","tintindex":0}}},{"from":[9.372572,15.297243,14.8571415],"to":[9.544001,29.582958,24.571428],"rotation":{"angle":-22.5,"axis":"z","origin":[8.0,9.446479,19.285713]},"faces":{"east":{"uv":[3.5625,2.6875,4.625,4.25],"rotation":0,"texture":"#0","tintindex":0},"south":{"uv":[5.9375,15.0625,7.0,16.0],"rotation":0,"texture":"#0","tintindex":0},"north":{"uv":[6.1875,15.0625,7.25,16.0],"rotation":0,"texture":"#0","tintindex":0},"west":{"uv":[4.625,2.6875,3.5625,4.25],"rotation":0,"texture":"#0","tintindex":0},"up":{"uv":[7.8125,16.0,6.75,14.9375],"rotation":0,"texture":"#0","tintindex":0},"down":{"uv":[7.625,14.9375,6.5625,16.0],"rotation":0,"texture":"#0","tintindex":0}}},{"from":[6.4559994,15.297243,14.8571415],"to":[6.627428,29.582958,24.571428],"rotation":{"angle":22.5,"axis":"z","origin":[8.0,9.446479,19.285713]},"faces":{"east":{"uv":[3.5625,2.6875,4.625,4.25],"rotation":0,"texture":"#0","tintindex":0},"south":{"uv":[7.0,15.0625,5.9375,16.0],"rotation":0,"texture":"#0","tintindex":0},"north":{"uv":[7.25,15.0625,6.1875,16.0],"rotation":0,"texture":"#0","tintindex":0},"west":{"uv":[4.625,2.6875,3.5625,4.25],"rotation":0,"texture":"#0","tintindex":0},"up":{"uv":[6.75,16.0,7.8125,14.9375],"rotation":0,"texture":"#0","tintindex":0},"down":{"uv":[6.5625,14.9375,7.625,16.0],"rotation":0,"texture":"#0","tintindex":0}}},{"from":[7.917314,11.285743,7.392061],"to":[7.9744573,28.4286,31.963491],"rotation":{"angle":0.0,"axis":"y","origin":[8.0,9.446479,19.285713]},"faces":{"east":{"uv":[8.4375,14.9375,5.75,13.0625],"rotation":0,"texture":"#0","tintindex":0},"south":{"uv":[0.0,0.0,0.00625,1.875],"rotation":0,"texture":"#0","tintindex":0},"north":{"uv":[0.0,0.0,0.00625,1.875],"rotation":0,"texture":"#0","tintindex":0},"west":{"uv":[5.75,14.9375,8.4375,13.0625],"rotation":0,"texture":"#0","tintindex":0},"up":{"uv":[0.0,0.0,0.00625,2.6875],"rotation":0,"texture":"#0","tintindex":0},"down":{"uv":[0.0,0.0,0.00625,2.6875],"rotation":0,"texture":"#0","tintindex":0}}}],"display":{"head":{"translation":[0.0,-6.4,8.000008],"scale":[4.0,4.0,4.0]}}}