{"textures":{"0":"modelengine:entity/sintia"},"elements":[{"from":[1.5714283,1.8571424,7.714286],"to":[14.428572,14.714286,23.142857],"rotation":{"angle":0.0,"axis":"y","origin":[8.0,8.017907,15.457144]},"faces":{"east":{"uv":[8.625,0.0,10.3125,1.4375],"rotation":0,"texture":"#0","tintindex":0},"south":{"uv":[8.625,0.0,10.0625,1.4375],"rotation":0,"texture":"#0","tintindex":0},"north":{"uv":[8.625,0.0,10.0625,1.4375],"rotation":0,"texture":"#0","tintindex":0},"west":{"uv":[10.3125,0.0,8.625,1.4375],"rotation":0,"texture":"#0","tintindex":0},"up":{"uv":[7.25,10.0625,5.8125,8.375],"rotation":0,"texture":"#0","tintindex":0},"down":{"uv":[10.125,4.8125,8.6875,6.5],"rotation":0,"texture":"#0","tintindex":0}}},{"from":[8.607205,15.716431,10.0],"to":[8.778634,30.002146,19.714287],"rotation":{"angle":-22.5,"axis":"z","origin":[8.0,8.017907,15.457144]},"faces":{"east":{"uv":[3.5625,2.6875,4.625,4.25],"rotation":0,"texture":"#0","tintindex":0},"south":{"uv":[5.9375,15.0625,7.0,16.0],"rotation":0,"texture":"#0","tintindex":0},"north":{"uv":[6.1875,15.0625,7.25,16.0],"rotation":0,"texture":"#0","tintindex":0},"west":{"uv":[4.625,2.6875,3.5625,4.25],"rotation":0,"texture":"#0","tintindex":0},"up":{"uv":[7.8125,16.0,6.75,14.9375],"rotation":0,"texture":"#0","tintindex":0},"down":{"uv":[7.625,14.9375,6.5625,16.0],"rotation":0,"texture":"#0","tintindex":0}}},{"from":[7.221366,15.716431,10.0],"to":[7.3927946,30.002146,19.714287],"rotation":{"angle":22.5,"axis":"z","origin":[8.0,8.017907,15.457144]},"faces":{"east":{"uv":[3.5625,2.6875,4.625,4.25],"rotation":0,"texture":"#0","tintindex":0},"south":{"uv":[7.0,15.0625,5.9375,16.0],"rotation":0,"texture":"#0","tintindex":0},"north":{"uv":[7.25,15.0625,6.1875,16.0],"rotation":0,"texture":"#0","tintindex":0},"west":{"uv":[4.625,2.6875,3.5625,4.25],"rotation":0,"texture":"#0","tintindex":0},"up":{"uv":[6.75,16.0,7.8125,14.9375],"rotation":0,"texture":"#0","tintindex":0},"down":{"uv":[6.5625,14.9375,7.625,16.0],"rotation":0,"texture":"#0","tintindex":0}}},{"from":[7.857143,14.114286,8.342857],"to":[7.9142857,20.97143,23.77143],"rotation":{"angle":0.0,"axis":"y","origin":[8.0,8.017907,15.457144]},"faces":{"east":{"uv":[2.3125,1.125,0.625,1.875],"rotation":0,"texture":"#0","tintindex":0},"south":{"uv":[2.375,13.4375,2.4375,15.3125],"rotation":0,"texture":"#0","tintindex":0},"north":{"uv":[13.0625,13.375,13.125,15.25],"rotation":0,"texture":"#0","tintindex":0},"west":{"uv":[0.625,1.125,2.3125,1.875],"rotation":0,"texture":"#0","tintindex":0},"up":{"uv":[9.625,15.6875,9.5625,12.9375],"rotation":0,"texture":"#0","tintindex":0},"down":{"uv":[4.6875,13.0625,4.625,15.8125],"rotation":0,"texture":"#0","tintindex":0}}}],"display":{"head":{"translation":[0.0,-6.4,0.0],"scale":[4.0,4.0,4.0]}}}