{
	"credit": "Made with Blockbench",
	"texture_size": [64, 64],
	"textures": {
		"0": "item/weapons/cicadus/cicadus_spear",
		"particle": "item/weapons/cicadus/cicadus_spear"
	},
	"elements": [
		{
			"from": [7, -16, 7],
			"to": [9, 18, 9],
			"rotation": {"angle": 0, "axis": "y", "origin": [8, 4.09289, 8]},
			"faces": {
				"north": {"uv": [0, 4, 0.5, 12.5], "texture": "#0"},
				"east": {"uv": [0.5, 4, 0, 12.5], "texture": "#0"},
				"south": {"uv": [0.5, 4, 0, 12.5], "texture": "#0"},
				"west": {"uv": [0, 4, 0.5, 12.5], "texture": "#0"},
				"up": {"uv": [5.5, 3.5, 5, 3], "texture": "#0"},
				"down": {"uv": [5.5, 3, 5, 3.5], "texture": "#0"}
			}
		},
		{
			"from": [9, -6, 7.95],
			"to": [13, 10, 8.05],
			"rotation": {"angle": 0, "axis": "y", "origin": [8, 4.09289, 8]},
			"faces": {
				"north": {"uv": [2, 4, 3, 8], "texture": "#0"},
				"east": {"uv": [5.5, 1.5, 5.75, 5.5], "texture": "#0"},
				"south": {"uv": [3, 4, 2, 8], "texture": "#0"},
				"west": {"uv": [4, 5.5, 4.25, 9.5], "texture": "#0"},
				"up": {"uv": [8.5, 5.5, 7.5, 5.25], "texture": "#0"},
				"down": {"uv": [8.5, 5.25, 7.5, 5.5], "texture": "#0"}
			}
		},
		{
			"from": [3, -6, 7.95],
			"to": [7, 10, 8.05],
			"rotation": {"angle": 0, "axis": "y", "origin": [8, 4.09289, 8]},
			"faces": {
				"north": {"uv": [3, 4, 2, 8], "texture": "#0"},
				"east": {"uv": [4.25, 5.5, 4, 9.5], "texture": "#0"},
				"south": {"uv": [2, 4, 3, 8], "texture": "#0"},
				"west": {"uv": [5.75, 1.5, 5.5, 5.5], "texture": "#0"},
				"up": {"uv": [7.5, 5.5, 8.5, 5.25], "texture": "#0"},
				"down": {"uv": [7.5, 5.25, 8.5, 5.5], "texture": "#0"}
			}
		},
		{
			"from": [-7.20782, -11.11492, 6.45],
			"to": [-4.20782, -8.11492, 9.45],
			"rotation": {"angle": 45, "axis": "z", "origin": [8, 4.09289, 8]},
			"faces": {
				"north": {"uv": [5.75, 3.75, 6.5, 4.5], "texture": "#0"},
				"east": {"uv": [6.75, 6, 6, 6.75], "texture": "#0"},
				"south": {"uv": [6.5, 3.75, 5.75, 4.5], "texture": "#0"},
				"west": {"uv": [6, 6, 6.75, 6.75], "texture": "#0"},
				"up": {"uv": [7.25, 0.75, 6.5, 0], "texture": "#0"},
				"down": {"uv": [7.25, 0, 6.5, 0.75], "texture": "#0"}
			}
		},
		{
			"from": [6.5, 16.1, 6.5],
			"to": [9.5, 18.1, 9.5],
			"rotation": {"angle": 0, "axis": "y", "origin": [8, 4.09289, 8]},
			"faces": {
				"north": {"uv": [4.75, 7, 5.5, 7.5], "texture": "#0"},
				"east": {"uv": [8, 1, 7.25, 1.5], "texture": "#0"},
				"south": {"uv": [5.5, 7, 4.75, 7.5], "texture": "#0"},
				"west": {"uv": [7.25, 1, 8, 1.5], "texture": "#0"},
				"up": {"uv": [7.25, 1.5, 6.5, 0.75], "texture": "#0"},
				"down": {"uv": [7.25, 0.75, 6.5, 1.5], "texture": "#0"}
			}
		},
		{
			"from": [6.5, -12, 6.5],
			"to": [9.5, -10, 9.5],
			"rotation": {"angle": 0, "axis": "y", "origin": [8, 4.09289, 8]},
			"faces": {
				"north": {"uv": [7.25, 3.75, 8, 4.25], "texture": "#0"},
				"east": {"uv": [7.25, 4.25, 8, 4.75], "texture": "#0"},
				"south": {"uv": [8, 3.75, 7.25, 4.25], "texture": "#0"},
				"west": {"uv": [8, 4.25, 7.25, 4.75], "texture": "#0"},
				"up": {"uv": [7.25, 5.25, 6.5, 4.5], "texture": "#0"},
				"down": {"uv": [7.25, 4.5, 6.5, 5.25], "texture": "#0"}
			}
		},
		{
			"from": [6.5, -9, 6.5],
			"to": [9.5, -7, 9.5],
			"rotation": {"angle": 0, "axis": "y", "origin": [8, 4.09289, 8]},
			"faces": {
				"north": {"uv": [7.25, 3.75, 8, 4.25], "texture": "#0"},
				"east": {"uv": [7.25, 4.25, 8, 4.75], "texture": "#0"},
				"south": {"uv": [8, 3.75, 7.25, 4.25], "texture": "#0"},
				"west": {"uv": [8, 4.25, 7.25, 4.75], "texture": "#0"},
				"up": {"uv": [7.25, 5.25, 6.5, 4.5], "texture": "#0"},
				"down": {"uv": [7.25, 4.5, 6.5, 5.25], "texture": "#0"}
			}
		},
		{
			"from": [6.5, 13, 6.5],
			"to": [9.5, 15, 9.5],
			"rotation": {"angle": 0, "axis": "y", "origin": [8, 4.09289, 8]},
			"faces": {
				"north": {"uv": [7.25, 3.75, 8, 4.25], "texture": "#0"},
				"east": {"uv": [7.25, 4.25, 8, 4.75], "texture": "#0"},
				"south": {"uv": [8, 3.75, 7.25, 4.25], "texture": "#0"},
				"west": {"uv": [8, 4.25, 7.25, 4.75], "texture": "#0"},
				"up": {"uv": [7.25, 5.25, 6.5, 4.5], "texture": "#0"},
				"down": {"uv": [7.25, 4.5, 6.5, 5.25], "texture": "#0"}
			}
		},
		{
			"from": [6.5, 10, 6.5],
			"to": [9.5, 12, 9.5],
			"rotation": {"angle": 0, "axis": "y", "origin": [8, 1.09289, 8]},
			"faces": {
				"north": {"uv": [7.25, 3.75, 8, 4.25], "texture": "#0"},
				"east": {"uv": [7.25, 4.25, 8, 4.75], "texture": "#0"},
				"south": {"uv": [8, 3.75, 7.25, 4.25], "texture": "#0"},
				"west": {"uv": [8, 4.25, 7.25, 4.75], "texture": "#0"},
				"up": {"uv": [7.25, 5.25, 6.5, 4.5], "texture": "#0"},
				"down": {"uv": [7.25, 4.5, 6.5, 5.25], "texture": "#0"}
			}
		},
		{
			"from": [16.21249, 11.00539, 7.1],
			"to": [21.21249, 13.80539, 8.9],
			"rotation": {"angle": 45, "axis": "z", "origin": [8, 4.09289, 8]},
			"faces": {
				"north": {"uv": [4.75, 5.5, 6, 6.25], "texture": "#0"},
				"east": {"uv": [5, 1.5, 5.5, 2.25], "texture": "#0"},
				"south": {"uv": [6, 5.5, 4.75, 6.25], "texture": "#0"},
				"west": {"uv": [5.5, 1.5, 5, 2.25], "texture": "#0"},
				"up": {"uv": [7, 3.25, 5.75, 2.75], "texture": "#0"},
				"down": {"uv": [7, 2.75, 5.75, 3.25], "texture": "#0"}
			}
		},
		{
			"from": [5.5, 16, 8],
			"to": [15.5, 32, 8.1],
			"rotation": {"angle": 0, "axis": "y", "origin": [8, 4.09289, 8]},
			"faces": {
				"north": {"uv": [0, 0, 2.5, 4], "texture": "#0"},
				"east": {"uv": [4.25, 5.5, 4.5, 9.5], "texture": "#0"},
				"south": {"uv": [2.5, 0, 0, 4], "texture": "#0"},
				"west": {"uv": [4.5, 5.5, 4.75, 9.5], "texture": "#0"},
				"up": {"uv": [8.25, 3.5, 5.75, 3.25], "texture": "#0"},
				"down": {"uv": [8.25, 3.5, 5.75, 3.75], "texture": "#0"}
			}
		},
		{
			"from": [-9.07645, -12.98355, 8],
			"to": [-3.07645, -6.98355, 8.1],
			"rotation": {"angle": 45, "axis": "z", "origin": [8, 4.09289, 8]},
			"faces": {
				"north": {"uv": [4, 4, 5.5, 5.5], "texture": "#0"},
				"east": {"uv": [7.25, 6.75, 7.5, 8.25], "texture": "#0"},
				"south": {"uv": [5.5, 4, 4, 5.5], "texture": "#0"},
				"west": {"uv": [7, 7.25, 7.25, 8.75], "texture": "#0"},
				"up": {"uv": [8.5, 3.25, 7, 3], "texture": "#0"},
				"down": {"uv": [6.25, 7.5, 4.75, 7.75], "texture": "#0"}
			}
		}
	],
	"display": {
		"thirdperson_righthand": {
			"rotation": [0, 90, 0],
			"translation": [-0.25, 6, 1.5]
		},
		"thirdperson_lefthand": {
			"rotation": [0, -90, 0],
			"translation": [0, 6, 1.5]
		},
		"firstperson_righthand": {
			"rotation": [-25.75, 90, 0],
			"translation": [2.5, 6.75, 0],
			"scale": [0.7, 0.7, 0.7]
		},
		"firstperson_lefthand": {
			"rotation": [-25.75, -90, 0],
			"translation": [2.5, 6.75, 0],
			"scale": [0.7, 0.7, 0.7]
		},
		"ground": {
			"translation": [0, 21.5, 0],
			"scale": [0.8, 0.8, 0.8]
		},
		"gui": {
			"rotation": [0, 0, -45],
			"translation": [-0.25, 1.5, 0],
			"scale": [0.53, 0.53, 0.53]
		},
		"head": {
			"rotation": [0, 0, -45],
			"translation": [3, -12.25, 4]
		},
		"fixed": {
			"rotation": [0, 0, 45],
			"translation": [-0.75, 0, -0.25],
			"scale": [0.6, 0.6, 0.6]
		}
	},
	"groups": [
		{
			"name": "kralopper",
			"origin": [9, 24, 8],
			"color": 0,
			"children": [0, 1, 2, 3, 4, 5, 6, 7, 8, 9, 10, 11]
		}
	]
}