{
	"credit": "Made with Blockbench",
	"texture_size": [64, 64],
	"textures": {
		"0": "item/weapons/verak/verak_axe",
		"particle": "item/weapons/verak/verak_axe"
	},
	"elements": [
		{
			"from": [7, -14.5, 7],
			"to": [9, 11.5, 9],
			"rotation": {"angle": 0, "axis": "y", "origin": [7.7, -0.64545, 7.95]},
			"faces": {
				"north": {"uv": [0, 0, 0.5, 6.5], "texture": "#0"},
				"east": {"uv": [0, 0, 0.5, 6.5], "texture": "#0"},
				"south": {"uv": [0.5, 0, 0, 6.5], "texture": "#0"},
				"west": {"uv": [0.5, 0, 0, 6.5], "texture": "#0"},
				"up": {"uv": [5, 9.75, 4.5, 9.25], "texture": "#0"},
				"down": {"uv": [5, 9.25, 4.5, 9.75], "texture": "#0"}
			}
		},
		{
			"from": [5.00001, 10.47843, 6.35],
			"to": [11.00001, 16.47843, 6.45],
			"rotation": {"angle": -45, "axis": "z", "origin": [8.00001, 13.47843, 6.4]},
			"faces": {
				"north": {"uv": [2, 4.5, 3.5, 6], "rotation": 90, "texture": "#0"},
				"east": {"uv": [10, 0, 8.5, 0.25], "rotation": 270, "texture": "#0"},
				"south": {"uv": [3.5, 4.5, 2, 6], "rotation": 270, "texture": "#0"},
				"west": {"uv": [9.5, 8.5, 8, 8.25], "rotation": 270, "texture": "#0"},
				"up": {"uv": [7.5, 8.25, 7.75, 9.75], "rotation": 270, "texture": "#0"},
				"down": {"uv": [7.75, 8.25, 8, 9.75], "rotation": 270, "texture": "#0"}
			}
		},
		{
			"from": [5.00001, 10.47843, 9.45],
			"to": [11.00001, 16.47843, 9.55],
			"rotation": {"angle": -45, "axis": "z", "origin": [8.00001, 13.47843, 9.5]},
			"faces": {
				"north": {"uv": [2, 4.5, 3.5, 6], "rotation": 90, "texture": "#0"},
				"east": {"uv": [10, 0, 8.5, 0.25], "rotation": 270, "texture": "#0"},
				"south": {"uv": [3.5, 4.5, 2, 6], "rotation": 270, "texture": "#0"},
				"west": {"uv": [9.5, 8.5, 8, 8.25], "rotation": 270, "texture": "#0"},
				"up": {"uv": [7.5, 8.25, 7.75, 9.75], "rotation": 270, "texture": "#0"},
				"down": {"uv": [7.75, 8.25, 8, 9.75], "rotation": 270, "texture": "#0"}
			}
		},
		{
			"from": [-5.05603, -13.91628, 7.95],
			"to": [-0.05603, -8.91628, 8.05],
			"rotation": {"angle": 45, "axis": "z", "origin": [7.7, -0.64545, 7.95]},
			"faces": {
				"north": {"uv": [6, 0, 7.25, 1.25], "texture": "#0"},
				"east": {"uv": [6.5, 9, 6.75, 10.25], "texture": "#0"},
				"south": {"uv": [7.25, 0, 6, 1.25], "texture": "#0"},
				"west": {"uv": [6.75, 9, 7, 10.25], "texture": "#0"},
				"up": {"uv": [10.25, 6.5, 9, 6.25], "texture": "#0"},
				"down": {"uv": [10.5, 1, 9.25, 1.25], "texture": "#0"}
			}
		},
		{
			"from": [-2.35419, -11.3239, 6.45],
			"to": [-0.35419, -9.3239, 9.45],
			"rotation": {"angle": 45, "axis": "z", "origin": [7.7, -0.84545, 7.95]},
			"faces": {
				"north": {"uv": [2.5, 9.5, 3, 10], "texture": "#0"},
				"east": {"uv": [8.5, 0.25, 9.25, 0.75], "texture": "#0"},
				"south": {"uv": [3, 9.5, 2.5, 10], "texture": "#0"},
				"west": {"uv": [9.25, 0.25, 8.5, 0.75], "texture": "#0"},
				"up": {"uv": [2.25, 9.25, 1.75, 8.5], "texture": "#0"},
				"down": {"uv": [2.25, 8.5, 1.75, 9.25], "texture": "#0"}
			}
		},
		{
			"from": [15.32348, 6.55377, 6.45],
			"to": [17.32348, 8.55377, 9.45],
			"rotation": {"angle": 45, "axis": "z", "origin": [7.7, -0.64545, 7.95]},
			"faces": {
				"north": {"uv": [2.5, 9.5, 3, 10], "texture": "#0"},
				"east": {"uv": [8.5, 0.25, 9.25, 0.75], "texture": "#0"},
				"south": {"uv": [3, 9.5, 2.5, 10], "texture": "#0"},
				"west": {"uv": [9.25, 0.25, 8.5, 0.75], "texture": "#0"},
				"up": {"uv": [2.25, 9.25, 1.75, 8.5], "texture": "#0"},
				"down": {"uv": [2.25, 8.5, 1.75, 9.25], "texture": "#0"}
			}
		},
		{
			"from": [14.89923, 6.02951, 6.25],
			"to": [16.89923, 8.12951, 9.65],
			"rotation": {"angle": 45, "axis": "z", "origin": [7.7, -0.64545, 7.95]},
			"faces": {
				"north": {"uv": [5, 9.5, 5.5, 10], "texture": "#0"},
				"east": {"uv": [9.25, 7.5, 8.5, 8], "texture": "#0"},
				"south": {"uv": [5.5, 9.5, 5, 10], "texture": "#0"},
				"west": {"uv": [8.5, 7.5, 9.25, 8], "texture": "#0"},
				"up": {"uv": [8.5, 9.25, 8, 8.5], "texture": "#0"},
				"down": {"uv": [8.5, 8.5, 8, 9.25], "texture": "#0"}
			}
		},
		{
			"from": [-3.06129, -11.93101, 6.25],
			"to": [-1.06129, -9.83101, 9.65],
			"rotation": {"angle": 45, "axis": "z", "origin": [7.7, -0.64545, 7.95]},
			"faces": {
				"north": {"uv": [5, 9.5, 5.5, 10], "texture": "#0"},
				"east": {"uv": [9.25, 7.5, 8.5, 8], "texture": "#0"},
				"south": {"uv": [5.5, 9.5, 5, 10], "texture": "#0"},
				"west": {"uv": [8.5, 7.5, 9.25, 8], "texture": "#0"},
				"up": {"uv": [8.5, 9.25, 8, 8.5], "texture": "#0"},
				"down": {"uv": [8.5, 8.5, 8, 9.25], "texture": "#0"}
			}
		},
		{
			"from": [14.68613, 6.88686, 6.25],
			"to": [16.68613, 8.98686, 9.65],
			"rotation": {"angle": 22.5, "axis": "z", "origin": [7.7, -0.64545, 7.95]},
			"faces": {
				"north": {"uv": [5, 9.5, 5.5, 10], "texture": "#0"},
				"east": {"uv": [9.25, 7.5, 8.5, 8], "texture": "#0"},
				"south": {"uv": [5.5, 9.5, 5, 10], "texture": "#0"},
				"west": {"uv": [8.5, 7.5, 9.25, 8], "texture": "#0"},
				"up": {"uv": [8.5, 9.25, 8, 8.5], "texture": "#0"},
				"down": {"uv": [8.5, 8.5, 8, 9.25], "texture": "#0"}
			}
		},
		{
			"from": [19.96767, 5.31374, 7.9],
			"to": [21.96767, 7.31374, 8.2],
			"rotation": {"angle": 45, "axis": "z", "origin": [7.7, -0.64545, 7.95]},
			"faces": {
				"north": {"uv": [2.75, 3.25, 3.25, 3.75], "texture": "#0"},
				"east": {"uv": [0, 9, 0.25, 10.5], "texture": "#0"},
				"south": {"uv": [3.25, 3.25, 2.75, 3.75], "texture": "#0"},
				"west": {"uv": [0.25, 9, 0.5, 10.5], "texture": "#0"},
				"up": {"uv": [2.5, 8.5, 0.5, 8.25], "texture": "#0"},
				"down": {"uv": [10.25, 1.25, 8.25, 1.5], "texture": "#0"}
			}
		},
		{
			"from": [16.86767, 11.28626, 7.9],
			"to": [18.86767, 13.28626, 8.2],
			"rotation": {"angle": -45, "axis": "z", "origin": [7.7, 16.64545, 7.95]},
			"faces": {
				"north": {"uv": [2.75, 3.75, 3.25, 3.25], "texture": "#0"},
				"east": {"uv": [0, 10.5, 0.25, 9], "texture": "#0"},
				"south": {"uv": [3.25, 3.75, 2.75, 3.25], "texture": "#0"},
				"west": {"uv": [0.25, 10.5, 0.5, 9], "texture": "#0"},
				"up": {"uv": [10.25, 1.5, 8.25, 1.25], "texture": "#0"},
				"down": {"uv": [2.5, 8.25, 0.5, 8.5], "texture": "#0"}
			}
		},
		{
			"from": [11.39876, 8.30949, 7.1],
			"to": [15.39876, 10.30949, 8.9],
			"rotation": {"angle": 22.5, "axis": "z", "origin": [7.7, -0.64545, 7.95]},
			"faces": {
				"north": {"uv": [3, 8, 4, 8.5], "texture": "#0"},
				"east": {"uv": [1.5, 9.75, 1, 10.25], "texture": "#0"},
				"south": {"uv": [4, 8, 3, 8.5], "texture": "#0"},
				"west": {"uv": [1, 9.75, 1.5, 10.25], "texture": "#0"},
				"up": {"uv": [9.25, 3, 8.25, 2.5], "texture": "#0"},
				"down": {"uv": [9.25, 2.5, 8.25, 3], "texture": "#0"}
			}
		},
		{
			"from": [0.55556, 8.5391, 7.1],
			"to": [4.55556, 10.5391, 8.9],
			"rotation": {"angle": -22.5, "axis": "z", "origin": [7.7, -0.64545, 7.95]},
			"faces": {
				"north": {"uv": [4, 8, 3, 8.5], "texture": "#0"},
				"east": {"uv": [1.5, 9.75, 1, 10.25], "texture": "#0"},
				"south": {"uv": [3, 8, 4, 8.5], "texture": "#0"},
				"west": {"uv": [1, 9.75, 1.5, 10.25], "texture": "#0"},
				"up": {"uv": [8.25, 3, 9.25, 2.5], "texture": "#0"},
				"down": {"uv": [8.25, 2.5, 9.25, 3], "texture": "#0"}
			}
		},
		{
			"from": [3.28935, 8.97745, 6.9],
			"to": [8.28935, 10.97745, 9.1],
			"rotation": {"angle": -22.5, "axis": "z", "origin": [7.7, -0.64545, 7.95]},
			"faces": {
				"north": {"uv": [4.5, 7, 5.75, 7.5], "texture": "#0"},
				"east": {"uv": [10.25, 7, 9.75, 7.5], "texture": "#0"},
				"south": {"uv": [5.75, 7, 4.5, 7.5], "texture": "#0"},
				"west": {"uv": [9.75, 7, 10.25, 7.5], "texture": "#0"},
				"up": {"uv": [8.5, 0.5, 7.25, 0], "texture": "#0"},
				"down": {"uv": [8.5, 0, 7.25, 0.5], "texture": "#0"}
			}
		},
		{
			"from": [16.96767, 3.31374, 7],
			"to": [21.96767, 5.31374, 9],
			"rotation": {"angle": 45, "axis": "z", "origin": [7.7, -0.64545, 7.95]},
			"faces": {
				"north": {"uv": [7.25, 0.5, 8.5, 1], "texture": "#0"},
				"east": {"uv": [7.5, 9.75, 8, 10.25], "texture": "#0"},
				"south": {"uv": [8.5, 0.5, 7.25, 1], "texture": "#0"},
				"west": {"uv": [8, 9.75, 7.5, 10.25], "texture": "#0"},
				"up": {"uv": [3.25, 8, 4.5, 7.5], "texture": "#0"},
				"down": {"uv": [4.5, 7.5, 3.25, 8], "texture": "#0"}
			}
		},
		{
			"from": [1.62487, 8.23817, 7],
			"to": [6.62487, 10.23817, 9],
			"rotation": {"angle": -45, "axis": "z", "origin": [7.7, -0.64545, 7.95]},
			"faces": {
				"north": {"uv": [7.25, 1, 8.5, 0.5], "texture": "#0"},
				"east": {"uv": [7.5, 10.25, 8, 9.75], "texture": "#0"},
				"south": {"uv": [8.5, 1, 7.25, 0.5], "texture": "#0"},
				"west": {"uv": [8, 10.25, 7.5, 9.75], "texture": "#0"},
				"up": {"uv": [4.5, 8, 3.25, 7.5], "texture": "#0"},
				"down": {"uv": [3.25, 7.5, 4.5, 8], "texture": "#0"}
			}
		},
		{
			"from": [7.66498, 8.74784, 6.9],
			"to": [12.66498, 10.74784, 9.1],
			"rotation": {"angle": 22.5, "axis": "z", "origin": [7.7, -0.64545, 7.95]},
			"faces": {
				"north": {"uv": [5.75, 7, 4.5, 7.5], "texture": "#0"},
				"east": {"uv": [10.25, 7, 9.75, 7.5], "texture": "#0"},
				"south": {"uv": [4.5, 7, 5.75, 7.5], "texture": "#0"},
				"west": {"uv": [9.75, 7, 10.25, 7.5], "texture": "#0"},
				"up": {"uv": [7.25, 0.5, 8.5, 0], "texture": "#0"},
				"down": {"uv": [7.25, 0, 8.5, 0.5], "texture": "#0"}
			}
		},
		{
			"from": [6.5, -11.53073, 6.45001],
			"to": [9.5, -9.53073, 9.45001],
			"rotation": {"angle": 0, "axis": "y", "origin": [7.7, -0.64545, 7.95]},
			"faces": {
				"north": {"uv": [9, 9, 9.75, 9.5], "texture": "#0"},
				"east": {"uv": [10, 1.5, 9.25, 2], "texture": "#0"},
				"south": {"uv": [9.75, 9, 9, 9.5], "texture": "#0"},
				"west": {"uv": [9.25, 1.5, 10, 2], "texture": "#0"},
				"up": {"uv": [6, 8.25, 5.25, 7.5], "texture": "#0"},
				"down": {"uv": [6, 7.5, 5.25, 8.25], "texture": "#0"}
			}
		},
		{
			"from": [6.5, -8.53073, 6.45001],
			"to": [9.5, -6.53073, 9.45001],
			"rotation": {"angle": 0, "axis": "y", "origin": [7.7, -0.64545, 7.95]},
			"faces": {
				"north": {"uv": [9, 9, 9.75, 9.5], "texture": "#0"},
				"east": {"uv": [10, 1.5, 9.25, 2], "texture": "#0"},
				"south": {"uv": [9.75, 9, 9, 9.5], "texture": "#0"},
				"west": {"uv": [9.25, 1.5, 10, 2], "texture": "#0"},
				"up": {"uv": [6, 8.25, 5.25, 7.5], "texture": "#0"},
				"down": {"uv": [6, 7.5, 5.25, 8.25], "texture": "#0"}
			}
		},
		{
			"from": [6.5, 6.46927, 6.45001],
			"to": [9.5, 8.46927, 9.45001],
			"rotation": {"angle": 0, "axis": "y", "origin": [7.7, -0.64545, 7.95]},
			"faces": {
				"north": {"uv": [9, 9, 9.75, 9.5], "texture": "#0"},
				"east": {"uv": [10, 1.5, 9.25, 2], "texture": "#0"},
				"south": {"uv": [9.75, 9, 9, 9.5], "texture": "#0"},
				"west": {"uv": [9.25, 1.5, 10, 2], "texture": "#0"},
				"up": {"uv": [6, 8.25, 5.25, 7.5], "texture": "#0"},
				"down": {"uv": [6, 7.5, 5.25, 8.25], "texture": "#0"}
			}
		},
		{
			"from": [10.2, -0.2, 7.95],
			"to": [24.2, 16.8, 8.05],
			"rotation": {"angle": 0, "axis": "y", "origin": [7.7, -0.54545, 7.95]},
			"faces": {
				"north": {"uv": [10.75, 0, 14.25, 4.25], "texture": "#0"},
				"east": {"uv": [0.5, 0, 0.775, 4.25], "texture": "#0"},
				"south": {"uv": [14.25, 0, 10.75, 4.25], "texture": "#0"},
				"west": {"uv": [0.5, 0, 0.775, 4.25], "texture": "#0"},
				"up": {"uv": [0.5, 0, 3.5, 0.275], "texture": "#0"},
				"down": {"uv": [0.5, 0, 3.5, 0.275], "texture": "#0"}
			}
		}
	],
	"display": {
		"thirdperson_righthand": {
			"rotation": [0, 90, 0],
			"translation": [-0.25, 7, 1.5],
			"scale": [0.9, 0.9, 0.9]
		},
		"thirdperson_lefthand": {
			"rotation": [0, -90, 0],
			"translation": [-0.25, 7, 1.5],
			"scale": [0.9, 0.9, 0.9]
		},
		"firstperson_righthand": {
			"rotation": [141.42, 80.74, -170.79],
			"translation": [1.5, 12.25, -1.5],
			"scale": [0.7, 0.7, 0.7]
		},
		"firstperson_lefthand": {
			"rotation": [141.42, -80.74, 170.79],
			"translation": [1.5, 12.25, -1.5],
			"scale": [0.7, 0.7, 0.7]
		},
		"ground": {
			"translation": [0, 19.5, 0],
			"scale": [0.8, 0.8, 0.8]
		},
		"gui": {
			"rotation": [-180, 0, -129.75],
			"translation": [4.25, 0.5, 0],
			"scale": [0.55, 0.55, 0.55]
		},
		"head": {
			"rotation": [0, 0, -45],
			"translation": [8, -9.25, 3.75]
		},
		"fixed": {
			"rotation": [0, 0, 45],
			"translation": [-5, 5, -1.25],
			"scale": [0.9, 0.9, 0.9]
		}
	},
	"groups": [
		{
			"name": "verak_axe",
			"origin": [7.9, -9.43073, 7.95001],
			"color": 0,
			"children": [0, 1, 2, 3, 4, 5, 6, 7, 8, 9, 10, 11, 12, 13, 14, 15, 16, 17, 18, 19, 20]
		}
	]
}