{"textures":{"0":"modelengine:entity/sintia_vfx"},"elements":[{"from":[-14.857143,7.9714284,-14.857143],"to":[30.857143,8.028571,30.857143],"rotation":{"angle":0.0,"axis":"y","origin":[8.0,8.0,8.0]},"faces":{"east":{"uv":[0.5,15.375,10.5,15.8875],"rotation":0,"texture":"#0","tintindex":0},"south":{"uv":[0.375,15.375,10.375,15.8875],"rotation":0,"texture":"#0","tintindex":0},"north":{"uv":[0.375,15.25,10.375,15.7625],"rotation":0,"texture":"#0","tintindex":0},"west":{"uv":[0.375,15.2375,10.375,15.875],"rotation":0,"texture":"#0","tintindex":0},"up":{"uv":[1.75,0.0,11.75,10.0],"rotation":0,"texture":"#0","tintindex":0},"down":{"uv":[1.75,0.0,11.75,10.0],"rotation":0,"texture":"#0","tintindex":0}}},{"from":[-14.857143,7.9714284,-14.857143],"to":[30.857143,8.028571,30.857143],"rotation":{"angle":0.0,"axis":"y","origin":[8.0,8.0,8.0]},"faces":{"east":{"uv":[0.5,15.375,10.5,15.8875],"rotation":0,"texture":"#0","tintindex":0},"south":{"uv":[0.375,15.375,10.375,15.8875],"rotation":0,"texture":"#0","tintindex":0},"north":{"uv":[0.375,15.25,10.375,15.7625],"rotation":0,"texture":"#0","tintindex":0},"west":{"uv":[0.375,15.2375,10.375,15.875],"rotation":0,"texture":"#0","tintindex":0},"up":{"uv":[1.75,0.0,11.75,10.0],"rotation":0,"texture":"#0","tintindex":0},"down":{"uv":[1.75,0.0,11.75,10.0],"rotation":0,"texture":"#0","tintindex":0}}}],"display":{"head":{"translation":[0.0,-6.4,0.0],"scale":[4.0,4.0,4.0]}}}