{
	"parent": "minecraft:item/generated",
	"textures": { 
		"layer0": "minecraft:item/leather_horse_armor"
	},
	"overrides": [
		{ "predicate": { "custom_model_data": 1 }, "model": "modelengine:cicadus/wing1" } ,
		{ "predicate": { "custom_model_data": 2 }, "model": "modelengine:cicadus/wing2" } ,
		{ "predicate": { "custom_model_data": 3 }, "model": "modelengine:cicadus/lower_wing1" } ,
		{ "predicate": { "custom_model_data": 4 }, "model": "modelengine:cicadus/lower_wing2" } ,
		{ "predicate": { "custom_model_data": 5 }, "model": "modelengine:cicadus/body" } ,
		{ "predicate": { "custom_model_data": 6 }, "model": "modelengine:cicadus/head" } ,
		{ "predicate": { "custom_model_data": 7 }, "model": "modelengine:cicadus/arm1" } ,
		{ "predicate": { "custom_model_data": 8 }, "model": "modelengine:cicadus/sub_arm1" } ,
		{ "predicate": { "custom_model_data": 9 }, "model": "modelengine:cicadus/arm2" } ,
		{ "predicate": { "custom_model_data": 10 }, "model": "modelengine:cicadus/sub_arm2" } ,
		{ "predicate": { "custom_model_data": 11 }, "model": "modelengine:cicadus/bug" } ,
		{ "predicate": { "custom_model_data": 12 }, "model": "modelengine:cicadus/abdomen" } ,
		{ "predicate": { "custom_model_data": 13 }, "model": "modelengine:cicadus_egg/cicadus_egg" } ,
		{ "predicate": { "custom_model_data": 14 }, "model": "modelengine:cicadus_egg/egg" } ,
		{ "predicate": { "custom_model_data": 15 }, "model": "modelengine:cicadus_egg/tentacle0" } ,
		{ "predicate": { "custom_model_data": 16 }, "model": "modelengine:cicadus_egg/tentacle1" } ,
		{ "predicate": { "custom_model_data": 17 }, "model": "modelengine:cicadus_egg/tentacle2" } ,
		{ "predicate": { "custom_model_data": 18 }, "model": "modelengine:cicadus_egg/tentacle3" } ,
		{ "predicate": { "custom_model_data": 19 }, "model": "modelengine:cicadus_larva/body" } ,
		{ "predicate": { "custom_model_data": 20 }, "model": "modelengine:sintia/sintia_the_hydra" } ,
		{ "predicate": { "custom_model_data": 21 }, "model": "modelengine:sintia/neck_ppal" } ,
		{ "predicate": { "custom_model_data": 22 }, "model": "modelengine:sintia/neck1" } ,
		{ "predicate": { "custom_model_data": 23 }, "model": "modelengine:sintia/neck1_2" } ,
		{ "predicate": { "custom_model_data": 24 }, "model": "modelengine:sintia/neck1_3" } ,
		{ "predicate": { "custom_model_data": 25 }, "model": "modelengine:sintia/neck1_4" } ,
		{ "predicate": { "custom_model_data": 26 }, "model": "modelengine:sintia/neck1_5" } ,
		{ "predicate": { "custom_model_data": 27 }, "model": "modelengine:sintia/neck1_6" } ,
		{ "predicate": { "custom_model_data": 28 }, "model": "modelengine:sintia/head" } ,
		{ "predicate": { "custom_model_data": 29 }, "model": "modelengine:sintia/mandible" } ,
		{ "predicate": { "custom_model_data": 30 }, "model": "modelengine:sintia/neck2" } ,
		{ "predicate": { "custom_model_data": 31 }, "model": "modelengine:sintia/neck2_2" } ,
		{ "predicate": { "custom_model_data": 32 }, "model": "modelengine:sintia/neck2_3" } ,
		{ "predicate": { "custom_model_data": 33 }, "model": "modelengine:sintia/neck2_4" } ,
		{ "predicate": { "custom_model_data": 34 }, "model": "modelengine:sintia/neck2_5" } ,
		{ "predicate": { "custom_model_data": 35 }, "model": "modelengine:sintia/neck2_6" } ,
		{ "predicate": { "custom_model_data": 36 }, "model": "modelengine:sintia/head2" } ,
		{ "predicate": { "custom_model_data": 37 }, "model": "modelengine:sintia/mandible2" } ,
		{ "predicate": { "custom_model_data": 38 }, "model": "modelengine:sintia/neck3" } ,
		{ "predicate": { "custom_model_data": 39 }, "model": "modelengine:sintia/neck3_2" } ,
		{ "predicate": { "custom_model_data": 40 }, "model": "modelengine:sintia/neck3_3" } ,
		{ "predicate": { "custom_model_data": 41 }, "model": "modelengine:sintia/neck3_4" } ,
		{ "predicate": { "custom_model_data": 42 }, "model": "modelengine:sintia/neck3_5" } ,
		{ "predicate": { "custom_model_data": 43 }, "model": "modelengine:sintia/neck3_6" } ,
		{ "predicate": { "custom_model_data": 44 }, "model": "modelengine:sintia/head3" } ,
		{ "predicate": { "custom_model_data": 45 }, "model": "modelengine:sintia/mandible3" } ,
		{ "predicate": { "custom_model_data": 46 }, "model": "modelengine:sintia/leg1" } ,
		{ "predicate": { "custom_model_data": 47 }, "model": "modelengine:sintia/sub_leg1" } ,
		{ "predicate": { "custom_model_data": 48 }, "model": "modelengine:sintia/claw1" } ,
		{ "predicate": { "custom_model_data": 49 }, "model": "modelengine:sintia/claw2" } ,
		{ "predicate": { "custom_model_data": 50 }, "model": "modelengine:sintia/foot1" } ,
		{ "predicate": { "custom_model_data": 51 }, "model": "modelengine:sintia/leg2" } ,
		{ "predicate": { "custom_model_data": 52 }, "model": "modelengine:sintia/sub_leg2" } ,
		{ "predicate": { "custom_model_data": 53 }, "model": "modelengine:sintia/claw3" } ,
		{ "predicate": { "custom_model_data": 54 }, "model": "modelengine:sintia/claw4" } ,
		{ "predicate": { "custom_model_data": 55 }, "model": "modelengine:sintia/foot2" } ,
		{ "predicate": { "custom_model_data": 56 }, "model": "modelengine:sintia/tail_ppal" } ,
		{ "predicate": { "custom_model_data": 57 }, "model": "modelengine:sintia/sub_tail" } ,
		{ "predicate": { "custom_model_data": 58 }, "model": "modelengine:sintia/min_tail" } ,
		{ "predicate": { "custom_model_data": 59 }, "model": "modelengine:sintia/mini_tail" } ,
		{ "predicate": { "custom_model_data": 60 }, "model": "modelengine:sintia/tail_tip" } ,
		{ "predicate": { "custom_model_data": 61 }, "model": "modelengine:sintia_vfx_crystal/sintia_crystal" } ,
		{ "predicate": { "custom_model_data": 62 }, "model": "modelengine:sintia_vfx_magic_circle/sintia_magic_circle" } ,
		{ "predicate": { "custom_model_data": 63 }, "model": "modelengine:verak/leg1" } ,
		{ "predicate": { "custom_model_data": 64 }, "model": "modelengine:verak/sub_leg1" } ,
		{ "predicate": { "custom_model_data": 65 }, "model": "modelengine:verak/min_leg1" } ,
		{ "predicate": { "custom_model_data": 66 }, "model": "modelengine:verak/foot1" } ,
		{ "predicate": { "custom_model_data": 67 }, "model": "modelengine:verak/claw2" } ,
		{ "predicate": { "custom_model_data": 68 }, "model": "modelengine:verak/claw7" } ,
		{ "predicate": { "custom_model_data": 69 }, "model": "modelengine:verak/claw6" } ,
		{ "predicate": { "custom_model_data": 70 }, "model": "modelengine:verak/leg2" } ,
		{ "predicate": { "custom_model_data": 71 }, "model": "modelengine:verak/sub_leg2" } ,
		{ "predicate": { "custom_model_data": 72 }, "model": "modelengine:verak/min_leg2" } ,
		{ "predicate": { "custom_model_data": 73 }, "model": "modelengine:verak/foot2" } ,
		{ "predicate": { "custom_model_data": 74 }, "model": "modelengine:verak/claw3" } ,
		{ "predicate": { "custom_model_data": 75 }, "model": "modelengine:verak/claw8" } ,
		{ "predicate": { "custom_model_data": 76 }, "model": "modelengine:verak/claw9" } ,
		{ "predicate": { "custom_model_data": 77 }, "model": "modelengine:verak/wing1" } ,
		{ "predicate": { "custom_model_data": 78 }, "model": "modelengine:verak/sub_wing1" } ,
		{ "predicate": { "custom_model_data": 79 }, "model": "modelengine:verak/mini_foot1" } ,
		{ "predicate": { "custom_model_data": 80 }, "model": "modelengine:verak/claw10" } ,
		{ "predicate": { "custom_model_data": 81 }, "model": "modelengine:verak/claw4" } ,
		{ "predicate": { "custom_model_data": 82 }, "model": "modelengine:verak/mini_wing1" } ,
		{ "predicate": { "custom_model_data": 83 }, "model": "modelengine:verak/wing_tip" } ,
		{ "predicate": { "custom_model_data": 84 }, "model": "modelengine:verak/wing2" } ,
		{ "predicate": { "custom_model_data": 85 }, "model": "modelengine:verak/sub_wing2" } ,
		{ "predicate": { "custom_model_data": 86 }, "model": "modelengine:verak/mini_foot2" } ,
		{ "predicate": { "custom_model_data": 87 }, "model": "modelengine:verak/claw5" } ,
		{ "predicate": { "custom_model_data": 88 }, "model": "modelengine:verak/claw11" } ,
		{ "predicate": { "custom_model_data": 89 }, "model": "modelengine:verak/mini_wing2" } ,
		{ "predicate": { "custom_model_data": 90 }, "model": "modelengine:verak/wing_tip2" } ,
		{ "predicate": { "custom_model_data": 91 }, "model": "modelengine:verak/verak" } ,
		{ "predicate": { "custom_model_data": 92 }, "model": "modelengine:verak/tail1" } ,
		{ "predicate": { "custom_model_data": 93 }, "model": "modelengine:verak/tail2" } ,
		{ "predicate": { "custom_model_data": 94 }, "model": "modelengine:verak/tail3" } ,
		{ "predicate": { "custom_model_data": 95 }, "model": "modelengine:verak/tail4" } ,
		{ "predicate": { "custom_model_data": 96 }, "model": "modelengine:verak/neck_ppal" } ,
		{ "predicate": { "custom_model_data": 97 }, "model": "modelengine:verak/sub_neckppal" } ,
		{ "predicate": { "custom_model_data": 98 }, "model": "modelengine:verak/head" } ,
		{ "predicate": { "custom_model_data": 99 }, "model": "modelengine:verak/mandible" } ,
		{ "predicate": { "custom_model_data": 100 }, "model": "modelengine:verak/ca1" } ,
		{ "predicate": { "custom_model_data": 101 }, "model": "modelengine:verak/ca2" } ,
		{ "predicate": { "custom_model_data": 102 }, "model": "modelengine:verak_mount/leg1" } ,
		{ "predicate": { "custom_model_data": 103 }, "model": "modelengine:verak_mount/sub_leg1" } ,
		{ "predicate": { "custom_model_data": 104 }, "model": "modelengine:verak_mount/min_leg1" } ,
		{ "predicate": { "custom_model_data": 105 }, "model": "modelengine:verak_mount/foot1" } ,
		{ "predicate": { "custom_model_data": 106 }, "model": "modelengine:verak_mount/claw2" } ,
		{ "predicate": { "custom_model_data": 107 }, "model": "modelengine:verak_mount/claw7" } ,
		{ "predicate": { "custom_model_data": 108 }, "model": "modelengine:verak_mount/claw6" } ,
		{ "predicate": { "custom_model_data": 109 }, "model": "modelengine:verak_mount/leg2" } ,
		{ "predicate": { "custom_model_data": 110 }, "model": "modelengine:verak_mount/sub_leg2" } ,
		{ "predicate": { "custom_model_data": 111 }, "model": "modelengine:verak_mount/min_leg2" } ,
		{ "predicate": { "custom_model_data": 112 }, "model": "modelengine:verak_mount/foot2" } ,
		{ "predicate": { "custom_model_data": 113 }, "model": "modelengine:verak_mount/claw3" } ,
		{ "predicate": { "custom_model_data": 114 }, "model": "modelengine:verak_mount/claw8" } ,
		{ "predicate": { "custom_model_data": 115 }, "model": "modelengine:verak_mount/claw9" } ,
		{ "predicate": { "custom_model_data": 116 }, "model": "modelengine:verak_mount/wing1" } ,
		{ "predicate": { "custom_model_data": 117 }, "model": "modelengine:verak_mount/sub_wing1" } ,
		{ "predicate": { "custom_model_data": 118 }, "model": "modelengine:verak_mount/mini_foot1" } ,
		{ "predicate": { "custom_model_data": 119 }, "model": "modelengine:verak_mount/claw10" } ,
		{ "predicate": { "custom_model_data": 120 }, "model": "modelengine:verak_mount/claw4" } ,
		{ "predicate": { "custom_model_data": 121 }, "model": "modelengine:verak_mount/mini_wing1" } ,
		{ "predicate": { "custom_model_data": 122 }, "model": "modelengine:verak_mount/wing_tip" } ,
		{ "predicate": { "custom_model_data": 123 }, "model": "modelengine:verak_mount/wing2" } ,
		{ "predicate": { "custom_model_data": 124 }, "model": "modelengine:verak_mount/sub_wing2" } ,
		{ "predicate": { "custom_model_data": 125 }, "model": "modelengine:verak_mount/mini_foot2" } ,
		{ "predicate": { "custom_model_data": 126 }, "model": "modelengine:verak_mount/claw5" } ,
		{ "predicate": { "custom_model_data": 127 }, "model": "modelengine:verak_mount/claw11" } ,
		{ "predicate": { "custom_model_data": 128 }, "model": "modelengine:verak_mount/mini_wing2" } ,
		{ "predicate": { "custom_model_data": 129 }, "model": "modelengine:verak_mount/wing_tip2" } ,
		{ "predicate": { "custom_model_data": 130 }, "model": "modelengine:verak_mount/dreshtark" } ,
		{ "predicate": { "custom_model_data": 131 }, "model": "modelengine:verak_mount/tali1" } ,
		{ "predicate": { "custom_model_data": 132 }, "model": "modelengine:verak_mount/tail2" } ,
		{ "predicate": { "custom_model_data": 133 }, "model": "modelengine:verak_mount/tail3" } ,
		{ "predicate": { "custom_model_data": 134 }, "model": "modelengine:verak_mount/tail4" } ,
		{ "predicate": { "custom_model_data": 135 }, "model": "modelengine:verak_mount/neck_ppal" } ,
		{ "predicate": { "custom_model_data": 136 }, "model": "modelengine:verak_mount/sub_neckppal" } ,
		{ "predicate": { "custom_model_data": 137 }, "model": "modelengine:verak_mount/head" } ,
		{ "predicate": { "custom_model_data": 138 }, "model": "modelengine:verak_mount/mandible" } ,
		{ "predicate": { "custom_model_data": 139 }, "model": "modelengine:verak_mount/ca1" } ,
		{ "predicate": { "custom_model_data": 140 }, "model": "modelengine:verak_mount/ca2" } ,
		{ "predicate": { "custom_model_data": 10001}, "model": "item/hats/cicadus_hat" } ,
		{ "predicate": { "custom_model_data": 10002}, "model": "item/hats/sintia_hat" } ,
		{ "predicate": { "custom_model_data": 10003}, "model" : "item/hats/verak_hat" } ,
		{ "predicate": { "custom_model_data": 100001 }, "model": "custom/partyhats/white_partyhat" } ,
		{ "predicate": { "custom_model_data": 100002 }, "model": "custom/partyhats/red_partyhat" } ,
		{ "predicate": { "custom_model_data": 100003 }, "model": "custom/partyhats/orange_partyhat" } ,
		{ "predicate": { "custom_model_data": 100004 }, "model": "custom/partyhats/yellow_partyhat" } ,
		{ "predicate": { "custom_model_data": 100005 }, "model": "custom/partyhats/green_partyhat" } ,
		{ "predicate": { "custom_model_data": 100006 }, "model": "custom/partyhats/blue_partyhat" } ,
		{ "predicate": { "custom_model_data": 100007 }, "model": "custom/partyhats/purple_partyhat" } ,
		{ "predicate": { "custom_model_data": 100008 }, "model": "custom/partyhats/black_partyhat" } ,
		{ "predicate": { "custom_model_data": 100009 }, "model": "custom/crowns/emerald_crown" } ,
		{ "predicate": { "custom_model_data": 100010 }, "model": "custom/crowns/amethyst_crown" } ,
		{ "predicate": { "custom_model_data": 100011 }, "model": "custom/crowns/diamond_crown" } ,
		{ "predicate": { "custom_model_data": 100012 }, "model": "custom/crowns/gold_crown" }
	]
}