{"textures":{"0":"modelengine:entity/cicadus_egg"},"elements":[{"from":[4.0,6.5714283,4.0],"to":[12.0,9.428572,12.0],"rotation":{"angle":0.0,"axis":"y","origin":[8.0,8.0,8.0]},"faces":{"east":{"uv":[5.75,4.0,7.5,4.625],"rotation":0,"texture":"#0","tintindex":0},"south":{"uv":[7.5,4.0,5.75,4.625],"rotation":0,"texture":"#0","tintindex":0},"north":{"uv":[5.75,4.0,7.5,4.625],"rotation":0,"texture":"#0","tintindex":0},"west":{"uv":[7.5,4.0,5.75,4.625],"rotation":0,"texture":"#0","tintindex":0},"up":{"uv":[5.25,7.5,3.5,5.75],"rotation":0,"texture":"#0","tintindex":0},"down":{"uv":[5.25,5.75,3.5,7.5],"rotation":0,"texture":"#0","tintindex":0}}}],"display":{"head":{"translation":[0.0,-6.4,0.0],"scale":[4.0,4.0,4.0]}}}