{"textures":{"0":"modelengine:entity/cicadus_egg"},"elements":[{"from":[7.7773805,6.281199,4.9677095],"to":[11.777381,8.566914,7.2534237],"rotation":{"angle":22.5,"axis":"y","origin":[12.907625,7.615267,7.1031666]},"faces":{"east":{"uv":[4.0,4.75,3.5,5.25],"rotation":0,"texture":"#0","tintindex":0},"south":{"uv":[7.375,6.75,6.5,7.25],"rotation":0,"texture":"#0","tintindex":0},"north":{"uv":[6.5,6.75,7.375,7.25],"rotation":0,"texture":"#0","tintindex":0},"west":{"uv":[4.0,4.75,3.5,5.25],"rotation":0,"texture":"#0","tintindex":0},"up":{"uv":[3.0,6.875,2.125,7.375],"rotation":0,"texture":"#0","tintindex":0},"down":{"uv":[3.0,7.375,2.125,6.875],"rotation":0,"texture":"#0","tintindex":0}}},{"from":[11.008521,7.2211885,5.8223166],"to":[15.57995,8.935474,7.8223166],"rotation":{"angle":22.5,"axis":"z","origin":[12.907625,7.615267,7.1031666]},"faces":{"east":{"uv":[3.5,6.875,3.0,7.25],"rotation":0,"texture":"#0","tintindex":0},"south":{"uv":[6.25,7.125,5.25,7.5],"rotation":0,"texture":"#0","tintindex":0},"north":{"uv":[5.25,7.125,6.25,7.5],"rotation":0,"texture":"#0","tintindex":0},"west":{"uv":[3.5,6.875,3.0,7.25],"rotation":0,"texture":"#0","tintindex":0},"up":{"uv":[7.0,1.125,6.0,1.625],"rotation":0,"texture":"#0","tintindex":0},"down":{"uv":[7.0,1.625,6.0,1.125],"rotation":0,"texture":"#0","tintindex":0}}},{"from":[12.771135,8.664522,5.9651737],"to":[18.485422,10.378808,7.6794596],"rotation":{"angle":-45.0,"axis":"z","origin":[12.907625,7.615267,7.1031666]},"faces":{"east":{"uv":[7.125,7.25,6.75,7.625],"rotation":0,"texture":"#0","tintindex":0},"south":{"uv":[7.25,2.625,6.0,3.0],"rotation":0,"texture":"#0","tintindex":0},"north":{"uv":[6.0,2.625,7.25,3.0],"rotation":0,"texture":"#0","tintindex":0},"west":{"uv":[7.125,7.25,6.75,7.625],"rotation":0,"texture":"#0","tintindex":0},"up":{"uv":[7.25,3.375,6.0,3.75],"rotation":0,"texture":"#0","tintindex":0},"down":{"uv":[7.25,3.75,6.0,3.375],"rotation":0,"texture":"#0","tintindex":0}}}],"display":{"head":{"translation":[0.0,-6.4,0.0],"scale":[4.0,4.0,4.0]}}}