{"textures":{"0":"modelengine:entity/cicadus_egg"},"elements":[{"from":[8.007353,6.729669,8.616461],"to":[12.007353,9.015384,10.902175],"rotation":{"angle":-22.5,"axis":"y","origin":[13.137598,8.063737,8.766718]},"faces":{"east":{"uv":[3.5,4.75,4.0,5.25],"rotation":0,"texture":"#0","tintindex":0},"south":{"uv":[7.375,6.75,6.5,7.25],"rotation":0,"texture":"#0","tintindex":0},"north":{"uv":[6.5,6.75,7.375,7.25],"rotation":0,"texture":"#0","tintindex":0},"west":{"uv":[3.5,4.75,4.0,5.25],"rotation":0,"texture":"#0","tintindex":0},"up":{"uv":[3.0,7.375,2.125,6.875],"rotation":0,"texture":"#0","tintindex":0},"down":{"uv":[3.0,6.875,2.125,7.375],"rotation":0,"texture":"#0","tintindex":0}}},{"from":[11.238493,7.6696587,8.047567],"to":[15.809922,9.3839445,10.047567],"rotation":{"angle":22.5,"axis":"z","origin":[13.137598,8.063737,8.766718]},"faces":{"east":{"uv":[3.0,6.875,3.5,7.25],"rotation":0,"texture":"#0","tintindex":0},"south":{"uv":[6.25,7.125,5.25,7.5],"rotation":0,"texture":"#0","tintindex":0},"north":{"uv":[5.25,7.125,6.25,7.5],"rotation":0,"texture":"#0","tintindex":0},"west":{"uv":[3.0,6.875,3.5,7.25],"rotation":0,"texture":"#0","tintindex":0},"up":{"uv":[7.0,1.625,6.0,1.125],"rotation":0,"texture":"#0","tintindex":0},"down":{"uv":[7.0,1.125,6.0,1.625],"rotation":0,"texture":"#0","tintindex":0}}},{"from":[13.001108,9.112992,8.190425],"to":[18.715395,10.827278,9.904711],"rotation":{"angle":-45.0,"axis":"z","origin":[13.137598,8.063737,8.766718]},"faces":{"east":{"uv":[6.75,7.25,7.125,7.625],"rotation":0,"texture":"#0","tintindex":0},"south":{"uv":[7.25,2.625,6.0,3.0],"rotation":0,"texture":"#0","tintindex":0},"north":{"uv":[6.0,2.625,7.25,3.0],"rotation":0,"texture":"#0","tintindex":0},"west":{"uv":[6.75,7.25,7.125,7.625],"rotation":0,"texture":"#0","tintindex":0},"up":{"uv":[7.25,3.75,6.0,3.375],"rotation":0,"texture":"#0","tintindex":0},"down":{"uv":[7.25,3.375,6.0,3.75],"rotation":0,"texture":"#0","tintindex":0}}}],"display":{"head":{"translation":[0.0,-6.4,0.0],"scale":[4.0,4.0,4.0]}}}