{
	"credit": "Made with Blockbench",
	"texture_size": [64, 64],
	"textures": {
		"0": "item/weapons/sintia/sintia_staff",
		"particle": "item/weapons/sintia/sintia_staff"
	},
	"elements": [
		{
			"from": [7.00595, -7.37418, 7],
			"to": [9.00595, 17.12582, 9],
			"rotation": {"angle": 0, "axis": "y", "origin": [8.5, 8.69999, 8]},
			"faces": {
				"north": {"uv": [0, 0, 0.5, 6.25], "texture": "#0"},
				"east": {"uv": [0, 0, 0.5, 6.25], "texture": "#0"},
				"south": {"uv": [0.5, 0, 0, 6.25], "texture": "#0"},
				"west": {"uv": [0.5, 0, 0, 6.25], "texture": "#0"},
				"up": {"uv": [5.25, 7.5, 4.75, 7], "texture": "#0"},
				"down": {"uv": [5.25, 7, 4.75, 7.5], "texture": "#0"}
			}
		},
		{
			"from": [2.41292, -6.76184, 7.1],
			"to": [4.41292, -1.76184, 8.9],
			"rotation": {"angle": 22.5, "axis": "z", "origin": [8.5, 8.69999, 8]},
			"faces": {
				"north": {"uv": [4.25, 7.5, 4.75, 8.75], "texture": "#0"},
				"east": {"uv": [4.75, 7.5, 5.25, 8.75], "texture": "#0"},
				"south": {"uv": [4.75, 7.5, 4.25, 8.75], "texture": "#0"},
				"west": {"uv": [5.25, 7.5, 4.75, 8.75], "texture": "#0"},
				"up": {"uv": [10, 10.5, 9.5, 10], "texture": "#0"},
				"down": {"uv": [10, 10, 9.5, 10.5], "texture": "#0"}
			}
		},
		{
			"from": [5.86077, 11.27941, 6.9],
			"to": [7.86077, 16.27941, 9.1],
			"rotation": {"angle": -22.5, "axis": "z", "origin": [8.5, 8.69999, 8]},
			"faces": {
				"north": {"uv": [4.25, 8.75, 4.75, 7.5], "texture": "#0"},
				"east": {"uv": [4.75, 8.75, 5.25, 7.5], "texture": "#0"},
				"south": {"uv": [4.75, 8.75, 4.25, 7.5], "texture": "#0"},
				"west": {"uv": [5.25, 8.75, 4.75, 7.5], "texture": "#0"},
				"up": {"uv": [10, 10.5, 9.5, 10], "texture": "#0"},
				"down": {"uv": [10, 10, 9.5, 10.5], "texture": "#0"}
			}
		},
		{
			"from": [8.22634, 11.65755, 6.9],
			"to": [10.22634, 16.65755, 9.1],
			"rotation": {"angle": 22.5, "axis": "z", "origin": [8.5, 8.69999, 8]},
			"faces": {
				"north": {"uv": [4.75, 8.75, 4.25, 7.5], "texture": "#0"},
				"east": {"uv": [4.75, 8.75, 5.25, 7.5], "texture": "#0"},
				"south": {"uv": [4.25, 8.75, 4.75, 7.5], "texture": "#0"},
				"west": {"uv": [5.25, 8.75, 4.75, 7.5], "texture": "#0"},
				"up": {"uv": [9.5, 10.5, 10, 10], "texture": "#0"},
				"down": {"uv": [9.5, 10, 10, 10.5], "texture": "#0"}
			}
		},
		{
			"from": [11.67419, -7.13998, 7.1],
			"to": [13.67419, -2.13998, 8.9],
			"rotation": {"angle": -22.5, "axis": "z", "origin": [8.5, 8.69999, 8]},
			"faces": {
				"north": {"uv": [4.75, 7.5, 4.25, 8.75], "texture": "#0"},
				"east": {"uv": [4.75, 7.5, 5.25, 8.75], "texture": "#0"},
				"south": {"uv": [4.25, 7.5, 4.75, 8.75], "texture": "#0"},
				"west": {"uv": [5.25, 7.5, 4.75, 8.75], "texture": "#0"},
				"up": {"uv": [9.5, 10.5, 10, 10], "texture": "#0"},
				"down": {"uv": [9.5, 10, 10, 10.5], "texture": "#0"}
			}
		},
		{
			"from": [9.19442, 8.11763, 6.8],
			"to": [12.19442, 11.11763, 9.2],
			"rotation": {"angle": 45, "axis": "z", "origin": [8.5, 8.69999, 8]},
			"faces": {
				"north": {"uv": [2, 7.25, 2.75, 8], "texture": "#0"},
				"east": {"uv": [5.75, 8.75, 6.25, 9.75], "texture": "#0"},
				"south": {"uv": [2.75, 7.25, 2, 8], "texture": "#0"},
				"west": {"uv": [6.25, 8.75, 5.75, 9.75], "texture": "#0"},
				"up": {"uv": [0.75, 10, 1.5, 9.5], "texture": "#0"},
				"down": {"uv": [1.5, 9.5, 0.75, 10], "texture": "#0"}
			}
		},
		{
			"from": [4.10689, 7.41893, 6.8],
			"to": [7.10689, 10.41893, 9.2],
			"rotation": {"angle": -45, "axis": "z", "origin": [8.5, 8.69999, 8]},
			"faces": {
				"north": {"uv": [2.75, 7.25, 2, 8], "texture": "#0"},
				"east": {"uv": [5.75, 8.75, 6.25, 9.75], "texture": "#0"},
				"south": {"uv": [2, 7.25, 2.75, 8], "texture": "#0"},
				"west": {"uv": [6.25, 8.75, 5.75, 9.75], "texture": "#0"},
				"up": {"uv": [1.5, 10, 0.75, 9.5], "texture": "#0"},
				"down": {"uv": [0.75, 9.5, 1.5, 10], "texture": "#0"}
			}
		},
		{
			"from": [6.50583, 15.02632, 7.05],
			"to": [10.50583, 17.02632, 8.85],
			"rotation": {"angle": -22.5, "axis": "z", "origin": [8.5, 8.69999, 8]},
			"faces": {
				"north": {"uv": [5.75, 1, 6.75, 1.5], "texture": "#0"},
				"east": {"uv": [5.25, 10.25, 5.75, 10.75], "texture": "#0"},
				"south": {"uv": [6.75, 1, 5.75, 1.5], "texture": "#0"},
				"west": {"uv": [5.75, 10.25, 5.25, 10.75], "texture": "#0"},
				"up": {"uv": [1, 9.5, 0, 9], "texture": "#0"},
				"down": {"uv": [1, 9, 0, 9.5], "texture": "#0"}
			}
		},
		{
			"from": [6.98463, 12.56714, -1.08136],
			"to": [8.98463, 14.56714, 2.91864],
			"rotation": {"angle": 45, "axis": "x", "origin": [8.5, 8.69999, 8]},
			"faces": {
				"north": {"uv": [10.25, 8.75, 10.75, 9.25], "texture": "#0"},
				"east": {"uv": [9, 7.25, 10, 7.75], "texture": "#0"},
				"south": {"uv": [10.75, 8.75, 10.25, 9.25], "texture": "#0"},
				"west": {"uv": [10, 7.25, 9, 7.75], "texture": "#0"},
				"up": {"uv": [9.25, 6.75, 9.75, 5.75], "texture": "#0"},
				"down": {"uv": [9.75, 5.75, 9.25, 6.75], "texture": "#0"}
			}
		},
		{
			"from": [6.98463, 12.56714, 13.08136],
			"to": [8.98463, 14.56714, 17.08136],
			"rotation": {"angle": -45, "axis": "x", "origin": [8.5, 8.69999, 8]},
			"faces": {
				"north": {"uv": [10.25, 8.75, 10.75, 9.25], "texture": "#0"},
				"east": {"uv": [10, 7.25, 9, 7.75], "texture": "#0"},
				"south": {"uv": [10.75, 8.75, 10.25, 9.25], "texture": "#0"},
				"west": {"uv": [9, 7.25, 10, 7.75], "texture": "#0"},
				"up": {"uv": [9.25, 5.75, 9.75, 6.75], "texture": "#0"},
				"down": {"uv": [9.75, 6.75, 9.25, 5.75], "texture": "#0"}
			}
		},
		{
			"from": [14.05334, 11.88649, 7],
			"to": [21.05334, 14.98649, 9],
			"rotation": {"angle": 45, "axis": "z", "origin": [8.5, 8.69999, 8]},
			"faces": {
				"north": {"uv": [5.5, 3.5, 7.25, 4.25], "texture": "#0"},
				"east": {"uv": [3.25, 9.5, 3.75, 10.25], "texture": "#0"},
				"south": {"uv": [7.25, 3.5, 5.5, 4.25], "texture": "#0"},
				"west": {"uv": [3.75, 9.5, 3.25, 10.25], "texture": "#0"},
				"up": {"uv": [8.5, 6.75, 6.75, 6.25], "texture": "#0"},
				"down": {"uv": [1.75, 7.25, 0, 7.75], "texture": "#0"}
			}
		},
		{
			"from": [-4.75203, 11.18779, 7],
			"to": [2.24797, 14.28779, 9],
			"rotation": {"angle": -45, "axis": "z", "origin": [8.5, 8.69999, 8]},
			"faces": {
				"north": {"uv": [7.25, 3.5, 5.5, 4.25], "texture": "#0"},
				"east": {"uv": [3.25, 9.5, 3.75, 10.25], "texture": "#0"},
				"south": {"uv": [5.5, 3.5, 7.25, 4.25], "texture": "#0"},
				"west": {"uv": [3.75, 9.5, 3.25, 10.25], "texture": "#0"},
				"up": {"uv": [6.75, 6.75, 8.5, 6.25], "texture": "#0"},
				"down": {"uv": [0, 7.25, 1.75, 7.75], "texture": "#0"}
			}
		},
		{
			"from": [7.22776, 20.35096, 7.3],
			"to": [10.32776, 27.35096, 8.7],
			"rotation": {"angle": 22.5, "axis": "z", "origin": [8.5, 8.69999, 8]},
			"faces": {
				"north": {"uv": [3.75, 5.75, 4.5, 7.5], "texture": "#0"},
				"east": {"uv": [7, 9.25, 7.25, 11], "texture": "#0"},
				"south": {"uv": [4.5, 5.75, 3.75, 7.5], "texture": "#0"},
				"west": {"uv": [7.75, 9.25, 8, 11], "texture": "#0"},
				"up": {"uv": [11, 6, 10.25, 5.75], "texture": "#0"},
				"down": {"uv": [11, 5.75, 10.25, 6], "texture": "#0"}
			}
		},
		{
			"from": [-8.4607, 15.59647, 7.4],
			"to": [-5.3607, 20.59647, 8.6],
			"rotation": {"angle": -45, "axis": "z", "origin": [8.5, 8.69999, 8]},
			"faces": {
				"north": {"uv": [3, 6.25, 3.75, 7.5], "texture": "#0"},
				"east": {"uv": [5.75, 9.75, 6, 11], "texture": "#0"},
				"south": {"uv": [3.75, 6.25, 3, 7.5], "texture": "#0"},
				"west": {"uv": [6.5, 9.75, 6.75, 11], "texture": "#0"},
				"up": {"uv": [11.25, 0.75, 10.5, 0.5], "texture": "#0"},
				"down": {"uv": [11.25, 0.5, 10.5, 0.75], "texture": "#0"}
			}
		},
		{
			"from": [12.48203, 25.64261, 8],
			"to": [16.48203, 28.74261, 8.1],
			"rotation": {"angle": 22.5, "axis": "z", "origin": [8.5, 8.69999, 8]},
			"faces": {
				"north": {"uv": [2.5, 3.75, 3.5, 4.5], "texture": "#0"},
				"east": {"uv": [4.25, 9.5, 4.5, 11], "texture": "#0"},
				"south": {"uv": [3.5, 3.75, 2.5, 4.5], "texture": "#0"},
				"west": {"uv": [4.25, 9.5, 4.5, 11], "texture": "#0"},
				"up": {"uv": [11, 8.5, 9, 8.25], "texture": "#0"},
				"down": {"uv": [11, 8.5, 9, 8.75], "texture": "#0"}
			}
		},
		{
			"from": [13.04141, 19.66117, 8],
			"to": [15.04141, 23.76117, 8.1],
			"rotation": {"angle": 0, "axis": "y", "origin": [8.5, 8.69999, 8]},
			"faces": {
				"north": {"uv": [4, 2.25, 4.5, 3.25], "texture": "#0"},
				"east": {"uv": [4, 9, 4.25, 11], "texture": "#0"},
				"south": {"uv": [4.5, 2.25, 4, 3.25], "texture": "#0"},
				"west": {"uv": [6.75, 9.25, 7, 11.25], "texture": "#0"},
				"up": {"uv": [11, 3.75, 9.5, 3.5], "texture": "#0"},
				"down": {"uv": [11, 4.75, 9.5, 5], "texture": "#0"}
			}
		},
		{
			"from": [-5.06905, -4.17036, 6.4],
			"to": [-2.06905, -1.17036, 9.6],
			"rotation": {"angle": 45, "axis": "z", "origin": [8.5, 8.69999, 8]},
			"faces": {
				"north": {"uv": [7.75, 1.25, 8.5, 2], "texture": "#0"},
				"east": {"uv": [2, 8, 2.75, 8.75], "texture": "#0"},
				"south": {"uv": [8.5, 1.25, 7.75, 2], "texture": "#0"},
				"west": {"uv": [2.75, 8, 2, 8.75], "texture": "#0"},
				"up": {"uv": [8, 4.25, 8.75, 3.5], "texture": "#0"},
				"down": {"uv": [8.75, 3.5, 8, 4.25], "texture": "#0"}
			}
		},
		{
			"from": [8.22455, 9.12325, 6.4],
			"to": [11.22455, 12.12325, 9.6],
			"rotation": {"angle": 45, "axis": "z", "origin": [8.5, 8.69999, 8]},
			"faces": {
				"north": {"uv": [7.5, 0, 8.25, 0.75], "texture": "#0"},
				"east": {"uv": [7.5, 0.75, 8.25, 0], "texture": "#0"},
				"south": {"uv": [8.25, 0, 7.5, 0.75], "texture": "#0"},
				"west": {"uv": [8.25, 0.75, 7.5, 0], "texture": "#0"},
				"up": {"uv": [8.25, 0, 7.5, 0.75], "texture": "#0"},
				"down": {"uv": [8.25, 0.75, 7.5, 0], "texture": "#0"}
			}
		},
		{
			"from": [12.17466, 13.17385, 6.4],
			"to": [15.17466, 16.17385, 9.6],
			"rotation": {"angle": 45, "axis": "z", "origin": [8.5, 8.69999, 8]},
			"faces": {
				"north": {"uv": [7.5, 0, 8.25, 0.75], "texture": "#0"},
				"east": {"uv": [7.5, 0.75, 8.25, 0], "texture": "#0"},
				"south": {"uv": [8.25, 0, 7.5, 0.75], "texture": "#0"},
				"west": {"uv": [8.25, 0.75, 7.5, 0], "texture": "#0"},
				"up": {"uv": [8.25, 0, 7.5, 0.75], "texture": "#0"},
				"down": {"uv": [8.25, 0.75, 7.5, 0], "texture": "#0"}
			}
		},
		{
			"from": [-8.4, -8.25214, 8],
			"to": [-1.4, -1.25214, 8.1],
			"rotation": {"angle": 45, "axis": "z", "origin": [8.6, 7.89999, 8]},
			"faces": {
				"north": {"uv": [2, 1.75, 3.75, 3.5], "texture": "#0"},
				"east": {"uv": [8, 9.25, 8.25, 11], "texture": "#0"},
				"south": {"uv": [3.75, 1.75, 2, 3.5], "texture": "#0"},
				"west": {"uv": [9.25, 8.75, 9.5, 10.5], "texture": "#0"},
				"up": {"uv": [11, 7, 9.25, 6.75], "texture": "#0"},
				"down": {"uv": [11, 7, 9.25, 7.25], "texture": "#0"}
			}
		},
		{
			"from": [6.50595, -5.22418, 6.5],
			"to": [9.50595, -3.22418, 9.5],
			"rotation": {"angle": 0, "axis": "y", "origin": [8.5, 8.69999, 8]},
			"faces": {
				"north": {"uv": [9.75, 3.75, 10.5, 4.25], "texture": "#0"},
				"east": {"uv": [9.75, 3.75, 10.5, 4.25], "texture": "#0"},
				"south": {"uv": [10.5, 3.75, 9.75, 4.25], "texture": "#0"},
				"west": {"uv": [10.5, 3.75, 9.75, 4.25], "texture": "#0"},
				"up": {"uv": [2.75, 9.5, 2, 8.75], "texture": "#0"},
				"down": {"uv": [2.75, 8.75, 2, 9.5], "texture": "#0"}
			}
		},
		{
			"from": [6.50595, 7.27582, 6.5],
			"to": [9.50595, 9.27582, 9.5],
			"rotation": {"angle": 0, "axis": "y", "origin": [8.5, 8.69999, 8]},
			"faces": {
				"north": {"uv": [9.75, 3.75, 10.5, 4.25], "texture": "#0"},
				"east": {"uv": [9.75, 3.75, 10.5, 4.25], "texture": "#0"},
				"south": {"uv": [10.5, 3.75, 9.75, 4.25], "texture": "#0"},
				"west": {"uv": [10.5, 3.75, 9.75, 4.25], "texture": "#0"},
				"up": {"uv": [2.75, 9.5, 2, 8.75], "texture": "#0"},
				"down": {"uv": [2.75, 8.75, 2, 9.5], "texture": "#0"}
			}
		},
		{
			"from": [6.50595, 12.22582, 6.5],
			"to": [9.50595, 14.22582, 9.5],
			"rotation": {"angle": 0, "axis": "y", "origin": [8.5, 8.69999, 8]},
			"faces": {
				"north": {"uv": [9.75, 3.75, 10.5, 4.25], "texture": "#0"},
				"east": {"uv": [9.75, 3.75, 10.5, 4.25], "texture": "#0"},
				"south": {"uv": [10.5, 3.75, 9.75, 4.25], "texture": "#0"},
				"west": {"uv": [10.5, 3.75, 9.75, 4.25], "texture": "#0"},
				"up": {"uv": [2.75, 9.5, 2, 8.75], "texture": "#0"},
				"down": {"uv": [2.75, 8.75, 2, 9.5], "texture": "#0"}
			}
		},
		{
			"from": [16.34623, 16.94492, 6.1],
			"to": [20.34623, 20.94492, 10.1],
			"rotation": {"angle": 45, "axis": "z", "origin": [8.5, 8.69999, 8]},
			"faces": {
				"north": {"uv": [4.75, 0, 5.75, 1], "texture": "#0"},
				"east": {"uv": [5.75, 0, 4.75, 1], "texture": "#0"},
				"south": {"uv": [5.75, 0, 4.75, 1], "texture": "#0"},
				"west": {"uv": [5.75, 1, 4.75, 0], "texture": "#0"},
				"up": {"uv": [5.75, 0, 4.75, 1], "texture": "#0"},
				"down": {"uv": [5.75, 1, 4.75, 0], "texture": "#0"}
			}
		}
	],
	"display": {
		"thirdperson_righthand": {
			"rotation": [0, 90, 0],
			"translation": [0, 2.5, 1.5]
		},
		"thirdperson_lefthand": {
			"rotation": [0, -90, 0],
			"translation": [0, 2.5, 1.75],
			"scale": [1, 1, 0.915]
		},
		"firstperson_righthand": {
			"rotation": [144.58, 73.82, -176.92],
			"translation": [2, 5.25, 0],
			"scale": [0.7, 0.7, 0.7]
		},
		"firstperson_lefthand": {
			"rotation": [-30.69, -74.7, 5.44],
			"translation": [2, 5.25, 0],
			"scale": [0.7, 0.7, 0.7]
		},
		"ground": {
			"translation": [0, 20.5, 0],
			"scale": [0.8, 0.8, 0.8]
		},
		"gui": {
			"rotation": [164.78, -15.74, -137.31],
			"translation": [-0.25, 0, 0],
			"scale": [0.55, 0.55, 0.55]
		},
		"head": {
			"rotation": [0, 0, 135],
			"translation": [0, -16.5, 3.75]
		},
		"fixed": {
			"rotation": [0, 0, 45],
			"translation": [0, 0, -1.25],
			"scale": [0.85, 0.85, 0.85]
		}
	},
	"groups": [
		{
			"name": "sintia_staff",
			"origin": [0.48834, 5.92144, 0.00833],
			"color": 0,
			"children": [0, 1, 2, 3, 4, 5, 6, 7, 8, 9, 10, 11, 12, 13, 14, 15, 16, 17, 18, 19, 20, 21, 22, 23]
		}
	]
}