{"textures":{"0":"modelengine:entity/verak_mount"},"elements":[{"from":[6.1101713,5.7952,0.71302795],"to":[9.889829,10.2048,8.429829],"rotation":{"angle":0.0,"axis":"y","origin":[8.0,8.0,4.5714283]},"faces":{"east":{"uv":[9.2505,6.34425,9.687,6.59325],"rotation":0,"texture":"#0","tintindex":0},"south":{"uv":[10.0005,2.7505,9.78075,2.9995],"rotation":0,"texture":"#0","tintindex":0},"north":{"uv":[9.78175,2.7505,9.9995,2.9995],"rotation":0,"texture":"#0","tintindex":0},"west":{"uv":[9.688,6.34425,9.2495,6.59325],"rotation":0,"texture":"#0","tintindex":0},"up":{"uv":[3.937,9.84325,3.71925,9.40675],"rotation":0,"texture":"#0","tintindex":0},"down":{"uv":[3.937,9.40675,3.71925,9.84325],"rotation":0,"texture":"#0","tintindex":0}}},{"from":[6.740114,3.6075273,-4.5236807],"to":[9.259886,6.7572417,1.3032904],"rotation":{"angle":-45.0,"axis":"x","origin":[8.0,5.1823845,-1.6101952]},"faces":{"east":{"uv":[9.688,6.40675,9.9995,6.59325],"rotation":0,"texture":"#0","tintindex":0},"south":{"uv":[10.1255,5.8755,9.9995,6.062],"rotation":0,"texture":"#0","tintindex":0},"north":{"uv":[10.0005,5.8755,10.1245,6.062],"rotation":0,"texture":"#0","tintindex":0},"west":{"uv":[10.0005,6.40675,9.687,6.59325],"rotation":0,"texture":"#0","tintindex":0},"up":{"uv":[2.71825,10.2495,2.59425,9.938],"rotation":0,"texture":"#0","tintindex":0},"down":{"uv":[2.71825,9.938,2.59425,10.2495],"rotation":0,"texture":"#0","tintindex":0}}}],"display":{"head":{"translation":[0.0,-6.4,0.0],"scale":[4.0,4.0,4.0]}}}