{"textures":{"0":"modelengine:entity/verak_mount"},"elements":[{"from":[4.8893766,3.1033711,0.029028416],"to":[12.066246,7.5129714,7.7458286],"rotation":{"angle":0.0,"axis":"y","origin":[8.179275,3.1744566,2.9196568]},"faces":{"east":{"uv":[9.188,4.40675,9.6245,4.65575],"rotation":0,"texture":"#0","tintindex":0},"south":{"uv":[9.59425,6.84425,9.187,7.09325],"rotation":0,"texture":"#0","tintindex":0},"north":{"uv":[9.188,6.84425,9.59325,7.09325],"rotation":0,"texture":"#0","tintindex":0},"west":{"uv":[9.6255,4.40675,9.187,4.65575],"rotation":0,"texture":"#0","tintindex":0},"up":{"uv":[9.187,4.84325,8.78175,4.40675],"rotation":0,"texture":"#0","tintindex":0},"down":{"uv":[9.187,4.40675,8.78175,4.84325],"rotation":0,"texture":"#0","tintindex":0}}},{"from":[4.356851,-1.7076006,-3.7734861],"to":[12.604624,3.3319426,7.7229714],"rotation":{"angle":0.0,"axis":"y","origin":[8.179275,3.1744566,2.9196568]},"faces":{"east":{"uv":[4.938,3.46925,5.562,3.7495],"rotation":0,"texture":"#0","tintindex":0},"south":{"uv":[6.09425,2.21925,5.65575,2.4995],"rotation":0,"texture":"#0","tintindex":0},"north":{"uv":[5.65675,2.21925,6.09325,2.4995],"rotation":0,"texture":"#0","tintindex":0},"west":{"uv":[5.563,3.46925,4.937,3.7495],"rotation":0,"texture":"#0","tintindex":0},"up":{"uv":[8.7495,0.6245,8.313,5.0E-4],"rotation":0,"texture":"#0","tintindex":0},"down":{"uv":[8.312,0.0,8.7505,0.624],"rotation":0,"texture":"#0","tintindex":0}}}],"display":{"head":{"translation":[0.0,-6.4,0.0],"scale":[4.0,4.0,4.0]}}}