{"textures":{"0":"modelengine:entity/verak_mount"},"elements":[{"from":[-5.1428566,6.1002665,-12.000006],"to":[32.0,10.100267,-8.000004],"rotation":{"angle":0.0,"axis":"y","origin":[13.428572,8.100266,-10.000004]},"faces":{"east":{"uv":[2.84425,9.688,2.59325,9.937],"rotation":0,"texture":"#0","tintindex":0},"south":{"uv":[8.8755,6.09425,6.84325,6.312],"rotation":0,"texture":"#0","tintindex":0},"north":{"uv":[6.84425,6.09425,8.8745,6.312],"rotation":0,"texture":"#0","tintindex":0},"west":{"uv":[2.59425,9.688,2.84325,9.937],"rotation":0,"texture":"#0","tintindex":0},"up":{"uv":[8.8745,6.312,6.84425,6.09425],"rotation":0,"texture":"#0","tintindex":0},"down":{"uv":[8.8745,6.09425,6.84425,6.312],"rotation":0,"texture":"#0","tintindex":0}}},{"from":[-6.285714,7.8145523,-8.000004],"to":[28.0,8.443124,32.0],"rotation":{"angle":0.0,"axis":"y","origin":[10.857143,8.128839,11.999996]},"faces":{"east":{"uv":[9.6255,8.40675,10.8745,8.437],"rotation":0,"texture":"#0","tintindex":0},"south":{"uv":[8.813,4.15675,10.687,4.187],"rotation":0,"texture":"#0","tintindex":0},"north":{"uv":[8.28175,4.188,10.15575,4.21825],"rotation":0,"texture":"#0","tintindex":0},"west":{"uv":[9.688,4.09425,10.937,4.1245],"rotation":0,"texture":"#0","tintindex":0},"up":{"uv":[3.59325,2.1875,1.71825,0.0],"rotation":0,"texture":"#0","tintindex":0},"down":{"uv":[3.59325,0.0,1.71825,2.1875],"rotation":0,"texture":"#0","tintindex":0}}}],"display":{"head":{"translation":[51.108765,-6.4,72.12015],"scale":[4.0,4.0,4.0]}}}