{"textures":{"0":"modelengine:entity/verak_mount"},"elements":[{"from":[3.5903997,4.9088,-1.1768007],"to":[12.4096,10.519772,8.605371],"rotation":{"angle":0.0,"axis":"y","origin":[8.0,7.714286,3.7142854]},"faces":{"east":{"uv":[9.40575,6.03175,8.8755,6.34325],"rotation":0,"texture":"#0","tintindex":0},"south":{"uv":[9.6245,5.0E-4,9.15675,0.312],"rotation":0,"texture":"#0","tintindex":0},"north":{"uv":[9.15575,0.0,9.6255,0.3115],"rotation":0,"texture":"#0","tintindex":0},"west":{"uv":[8.8745,6.03175,9.40675,6.34325],"rotation":0,"texture":"#0","tintindex":0},"up":{"uv":[8.65675,8.46825,9.1245,7.938],"rotation":0,"texture":"#0","tintindex":0},"down":{"uv":[8.65675,7.938,9.1245,8.46825],"rotation":0,"texture":"#0","tintindex":0}}},{"from":[5.5903997,6.2615523,7.45024],"to":[10.512915,10.671152,14.024183],"rotation":{"angle":-22.5,"axis":"x","origin":[8.051657,8.466352,10.737212]},"faces":{"east":{"uv":[3.34325,9.438,2.96925,9.687],"rotation":0,"texture":"#0","tintindex":0},"south":{"uv":[9.90575,8.8755,9.6255,9.1245],"rotation":0,"texture":"#0","tintindex":0},"north":{"uv":[9.90575,8.8755,9.6255,9.1245],"rotation":0,"texture":"#0","tintindex":0},"west":{"uv":[2.96825,9.438,3.34425,9.687],"rotation":0,"texture":"#0","tintindex":0},"up":{"uv":[7.563,9.7495,7.84325,9.3755],"rotation":0,"texture":"#0","tintindex":0},"down":{"uv":[7.563,9.3755,7.84325,9.7495],"rotation":0,"texture":"#0","tintindex":0}}}],"display":{"head":{"translation":[0.0,-6.4,0.0],"scale":[4.0,4.0,4.0]}}}