{"textures":{"0":"modelengine:entity/verak_mount"},"elements":[{"from":[4.352914,-6.525715,7.349486],"to":[11.3408,8.592915,14.967314],"rotation":{"angle":0.0,"axis":"y","origin":[7.561143,-4.635886,11.444115]},"faces":{"east":{"uv":[0.40675,8.21925,0.812,9.03075],"rotation":0,"texture":"#0","tintindex":0},"south":{"uv":[0.3755,8.28175,0.0,9.09325],"rotation":0,"texture":"#0","tintindex":0},"north":{"uv":[5.0E-4,8.28175,0.3745,9.09325],"rotation":0,"texture":"#0","tintindex":0},"west":{"uv":[1.2505,8.28175,0.84325,9.09325],"rotation":0,"texture":"#0","tintindex":0},"up":{"uv":[7.15575,9.40575,7.563,8.96925],"rotation":0,"texture":"#0","tintindex":0},"down":{"uv":[7.53075,8.96925,7.15675,9.40575],"rotation":0,"texture":"#0","tintindex":0}}},{"from":[4.0086856,-14.08503,7.005257],"to":[11.685029,-6.525715,15.311543],"rotation":{"angle":0.0,"axis":"y","origin":[7.561143,-4.635886,11.444115]},"faces":{"east":{"uv":[8.28175,3.78175,8.71825,4.187],"rotation":0,"texture":"#0","tintindex":0},"south":{"uv":[9.313,7.40675,8.8745,7.812],"rotation":0,"texture":"#0","tintindex":0},"north":{"uv":[8.8755,7.40675,9.312,7.812],"rotation":0,"texture":"#0","tintindex":0},"west":{"uv":[8.71925,3.78175,8.28075,4.187],"rotation":0,"texture":"#0","tintindex":0},"up":{"uv":[7.6245,8.96825,7.15675,8.46925],"rotation":0,"texture":"#0","tintindex":0},"down":{"uv":[7.6245,8.46925,7.15675,8.96825],"rotation":0,"texture":"#0","tintindex":0}}}],"display":{"head":{"translation":[0.0,-6.4,0.0],"scale":[4.0,4.0,4.0]}}}