{"textures":{"0":"modelengine:entity/verak_mount"},"elements":[{"from":[1.4285712,1.4285712,8.0],"to":[14.571428,14.571428,19.428572],"rotation":{"angle":0.0,"axis":"y","origin":[8.1285715,8.857143,14.285715]},"faces":{"east":{"uv":[3.1255,7.313,3.7495,8.03075],"rotation":0,"texture":"#0","tintindex":0},"south":{"uv":[6.938,5.0E-4,7.65675,0.71925],"rotation":0,"texture":"#0","tintindex":0},"north":{"uv":[6.938,5.0E-4,7.65675,0.71925],"rotation":0,"texture":"#0","tintindex":0},"west":{"uv":[3.7495,7.313,3.1255,8.03075],"rotation":0,"texture":"#0","tintindex":0},"up":{"uv":[8.09325,7.46825,7.3755,6.84425],"rotation":0,"texture":"#0","tintindex":0},"down":{"uv":[7.187,7.46925,6.46925,8.09325],"rotation":0,"texture":"#0","tintindex":0}}},{"from":[8.228572,9.428572,9.142858],"to":[8.285714,26.0,20.57143],"rotation":{"angle":0.0,"axis":"y","origin":[8.1285715,8.857143,14.285715]},"faces":{"east":{"uv":[5.8755,5.563,6.5005,6.46925],"rotation":0,"texture":"#0","tintindex":0},"south":{"uv":[6.90675,9.938,6.937,10.84325],"rotation":0,"texture":"#0","tintindex":0},"north":{"uv":[0.15675,9.938,0.187,10.84325],"rotation":0,"texture":"#0","tintindex":0},"west":{"uv":[6.5005,5.563,5.8755,6.46925],"rotation":0,"texture":"#0","tintindex":0},"up":{"uv":[5.562,10.84325,5.53175,9.8755],"rotation":0,"texture":"#0","tintindex":0},"down":{"uv":[7.09325,9.90675,7.063,10.8745],"rotation":0,"texture":"#0","tintindex":0}}}],"display":{"head":{"translation":[0.0,-6.4,0.0],"scale":[4.0,4.0,4.0]}}}