{"textures":{"0":"modelengine:entity/verak_mount"},"elements":[{"from":[3.142857,3.142857,6.285714],"to":[12.857143,12.857143,32.0],"rotation":{"angle":0.0,"axis":"y","origin":[8.1285715,8.285714,19.714287]},"faces":{"east":{"uv":[0.84425,6.1255,2.2495,6.65575],"rotation":0,"texture":"#0","tintindex":0},"south":{"uv":[4.46925,5.0005,3.937,5.53075],"rotation":0,"texture":"#0","tintindex":0},"north":{"uv":[3.938,5.0005,4.46825,5.53075],"rotation":0,"texture":"#0","tintindex":0},"west":{"uv":[2.2495,6.1255,0.8755,6.65575],"rotation":0,"texture":"#0","tintindex":0},"up":{"uv":[3.937,7.312,3.40675,5.90675],"rotation":0,"texture":"#0","tintindex":0},"down":{"uv":[6.937,5.0E-4,6.40675,1.40575],"rotation":0,"texture":"#0","tintindex":0}}},{"from":[8.228572,7.142857,11.428572],"to":[8.285714,23.714287,29.142859],"rotation":{"angle":0.0,"axis":"y","origin":[8.1285715,8.285714,19.714287]},"faces":{"east":{"uv":[5.8755,5.563,6.84425,6.46925],"rotation":0,"texture":"#0","tintindex":0},"south":{"uv":[6.90675,9.938,6.937,10.84325],"rotation":0,"texture":"#0","tintindex":0},"north":{"uv":[0.15675,9.938,0.187,10.84325],"rotation":0,"texture":"#0","tintindex":0},"west":{"uv":[6.84425,5.563,5.8755,6.46925],"rotation":0,"texture":"#0","tintindex":0},"up":{"uv":[5.562,10.84325,5.53175,9.8755],"rotation":0,"texture":"#0","tintindex":0},"down":{"uv":[7.09325,9.90675,7.063,10.8745],"rotation":0,"texture":"#0","tintindex":0}}}],"display":{"head":{"translation":[0.0,-6.4,5.714287],"scale":[4.0,4.0,4.0]}}}