{"textures":{"0":"modelengine:entity/verak_mount"},"elements":[{"from":[4.8571424,5.142857,-5.1428576],"to":[11.142858,10.857143,17.142859],"rotation":{"angle":0.0,"axis":"y","origin":[8.1285715,8.285714,5.5714283]},"faces":{"east":{"uv":[8.188,2.34425,9.40575,2.65575],"rotation":0,"texture":"#0","tintindex":0},"south":{"uv":[1.78175,9.313,2.1245,9.6245],"rotation":0,"texture":"#0","tintindex":0},"north":{"uv":[1.78175,9.313,2.1245,9.6245],"rotation":0,"texture":"#0","tintindex":0},"west":{"uv":[9.40575,2.34425,8.188,2.65575],"rotation":0,"texture":"#0","tintindex":0},"up":{"uv":[2.59325,8.84325,2.2505,7.6255],"rotation":0,"texture":"#0","tintindex":0},"down":{"uv":[2.59325,7.6255,2.2505,8.84325],"rotation":0,"texture":"#0","tintindex":0}}},{"from":[8.228572,-5.4285717,1.1428571],"to":[8.285714,22.57143,32.0],"rotation":{"angle":0.0,"axis":"y","origin":[8.1285715,8.285714,5.5714283]},"faces":{"east":{"uv":[5.0E-4,5.0E-4,1.687,1.53075],"rotation":0,"texture":"#0","tintindex":0},"south":{"uv":[1.28175,9.59425,1.312,11.1245],"rotation":0,"texture":"#0","tintindex":0},"north":{"uv":[1.2505,9.59425,1.28075,11.1245],"rotation":0,"texture":"#0","tintindex":0},"west":{"uv":[1.688,0.0,0.0,1.53025],"rotation":0,"texture":"#0","tintindex":0},"up":{"uv":[1.21825,11.312,1.188,9.59425],"rotation":0,"texture":"#0","tintindex":0},"down":{"uv":[1.2495,9.59425,1.21925,11.312],"rotation":0,"texture":"#0","tintindex":0}}}],"display":{"head":{"translation":[0.0,-6.4,51.428574],"scale":[4.0,4.0,4.0]}}}