{"textures":{"0":"modelengine:entity/verak_mount"},"elements":[{"from":[4.285714,4.285714,6.285714],"to":[11.714286,11.714286,32.0],"rotation":{"angle":0.0,"axis":"y","origin":[8.1285715,9.142858,19.142857]},"faces":{"east":{"uv":[6.8755,3.40675,8.28075,3.812],"rotation":0,"texture":"#0","tintindex":0},"south":{"uv":[8.78175,9.0005,9.187,9.40575],"rotation":0,"texture":"#0","tintindex":0},"north":{"uv":[9.188,9.0005,8.78075,9.40575],"rotation":0,"texture":"#0","tintindex":0},"west":{"uv":[8.28075,3.40675,6.8755,3.812],"rotation":0,"texture":"#0","tintindex":0},"up":{"uv":[5.84325,8.062,5.438,6.65675],"rotation":0,"texture":"#0","tintindex":0},"down":{"uv":[0.40575,6.8755,5.0E-4,8.28075],"rotation":0,"texture":"#0","tintindex":0}}},{"from":[8.228572,5.428571,10.285714],"to":[8.285714,22.0,28.0],"rotation":{"angle":0.0,"axis":"y","origin":[8.1285715,9.142858,19.142857]},"faces":{"east":{"uv":[5.8755,5.563,6.84425,6.46925],"rotation":0,"texture":"#0","tintindex":0},"south":{"uv":[6.90675,9.938,6.937,10.84325],"rotation":0,"texture":"#0","tintindex":0},"north":{"uv":[0.15675,9.938,0.187,10.84325],"rotation":0,"texture":"#0","tintindex":0},"west":{"uv":[6.84425,5.563,5.8755,6.46925],"rotation":0,"texture":"#0","tintindex":0},"up":{"uv":[5.562,10.84325,5.53175,9.8755],"rotation":0,"texture":"#0","tintindex":0},"down":{"uv":[7.09325,9.90675,7.063,10.8745],"rotation":0,"texture":"#0","tintindex":0}}}],"display":{"head":{"translation":[0.0,-6.4,5.714287],"scale":[4.0,4.0,4.0]}}}