{"textures":{"0":"modelengine:entity/verak_mount"},"elements":[{"from":[-7.257144,7.9857144,-9.1428585],"to":[20.171429,8.042857,32.0],"rotation":{"angle":-22.5,"axis":"y","origin":[8.0,8.0,0.94285583]},"faces":{"east":{"uv":[9.46925,1.8755,11.03075,1.90575],"rotation":0,"texture":"#0","tintindex":0},"south":{"uv":[9.46925,1.96925,10.96825,1.9995],"rotation":0,"texture":"#0","tintindex":0},"north":{"uv":[9.46925,1.938,10.96825,1.96825],"rotation":0,"texture":"#0","tintindex":0},"west":{"uv":[9.46925,1.90675,11.03075,1.937],"rotation":0,"texture":"#0","tintindex":0},"up":{"uv":[1.5,4.0625,0.0,1.8125],"rotation":0,"texture":"#0","tintindex":0},"down":{"uv":[1.5,1.8125,0.0,4.0625],"rotation":0,"texture":"#0","tintindex":0}}},{"from":[-1.1333055,6.2714286,-9.868542],"to":[28.009552,9.7,-6.43997],"rotation":{"angle":-22.5,"axis":"y","origin":[13.438124,7.9857144,-8.154255]},"faces":{"east":{"uv":[3.7505,7.8755,3.937,8.062],"rotation":0,"texture":"#0","tintindex":0},"south":{"uv":[9.15675,5.84425,7.562,6.03075],"rotation":0,"texture":"#0","tintindex":0},"north":{"uv":[7.563,5.84425,9.15575,6.03075],"rotation":0,"texture":"#0","tintindex":0},"west":{"uv":[3.7505,7.8755,3.937,8.062],"rotation":0,"texture":"#0","tintindex":0},"up":{"uv":[9.15575,6.03075,7.563,5.84425],"rotation":0,"texture":"#0","tintindex":0},"down":{"uv":[9.15575,5.84425,7.563,6.03075],"rotation":0,"texture":"#0","tintindex":0}}}],"display":{"head":{"translation":[0.0,-6.4,28.228577],"scale":[4.0,4.0,4.0]}}}