{"textures":{"0":"modelengine:entity/verak_mount"},"elements":[{"from":[-4.1714287,7.9857144,-9.1428585],"to":[23.257145,8.042857,32.0],"rotation":{"angle":22.5,"axis":"y","origin":[8.0,8.0,0.94285583]},"faces":{"east":{"uv":[11.03075,1.90675,9.46925,1.937],"rotation":0,"texture":"#0","tintindex":0},"south":{"uv":[10.96825,1.96925,9.46925,1.9995],"rotation":0,"texture":"#0","tintindex":0},"north":{"uv":[10.96825,1.938,9.46925,1.96825],"rotation":0,"texture":"#0","tintindex":0},"west":{"uv":[11.03075,1.8755,9.46925,1.90575],"rotation":0,"texture":"#0","tintindex":0},"up":{"uv":[0.0,4.0625,1.5,1.8125],"rotation":0,"texture":"#0","tintindex":0},"down":{"uv":[0.0,1.8125,1.5,4.0625],"rotation":0,"texture":"#0","tintindex":0}}},{"from":[-12.009552,6.2714286,-9.868542],"to":[17.133305,9.7,-6.43997],"rotation":{"angle":22.5,"axis":"y","origin":[2.5618763,7.9857144,-8.154255]},"faces":{"east":{"uv":[3.937,7.8755,3.7505,8.062],"rotation":0,"texture":"#0","tintindex":0},"south":{"uv":[7.562,5.84425,9.15675,6.03075],"rotation":0,"texture":"#0","tintindex":0},"north":{"uv":[9.15575,5.84425,7.563,6.03075],"rotation":0,"texture":"#0","tintindex":0},"west":{"uv":[3.937,7.8755,3.7505,8.062],"rotation":0,"texture":"#0","tintindex":0},"up":{"uv":[7.563,6.03075,9.15575,5.84425],"rotation":0,"texture":"#0","tintindex":0},"down":{"uv":[7.563,5.84425,9.15575,6.03075],"rotation":0,"texture":"#0","tintindex":0}}}],"display":{"head":{"translation":[0.0,-6.4,28.228577],"scale":[4.0,4.0,4.0]}}}