{"textures":{"0":"modelengine:entity/verak_mount"},"elements":[{"from":[4.3714285,4.9229875,-4.476759],"to":[11.057143,8.294416,4.6660986],"rotation":{"angle":0.0,"axis":"y","origin":[7.714286,6.1155224,0.91635084]},"faces":{"east":{"uv":[9.40675,5.28175,9.90575,5.46825],"rotation":0,"texture":"#0","tintindex":0},"south":{"uv":[9.6255,9.313,9.9995,9.4995],"rotation":0,"texture":"#0","tintindex":0},"north":{"uv":[9.6255,9.1255,9.9995,9.312],"rotation":0,"texture":"#0","tintindex":0},"west":{"uv":[9.90575,5.28175,9.40675,5.46825],"rotation":0,"texture":"#0","tintindex":0},"up":{"uv":[6.40575,9.437,6.03175,8.938],"rotation":0,"texture":"#0","tintindex":0},"down":{"uv":[6.78075,8.938,6.40675,9.437],"rotation":0,"texture":"#0","tintindex":0}}},{"from":[3.8571424,2.6372733,4.09467],"to":[11.571428,7.208702,7.523241],"rotation":{"angle":0.0,"axis":"y","origin":[7.714286,6.1155224,0.91635084]},"faces":{"east":{"uv":[9.5005,9.84425,9.687,10.09325],"rotation":0,"texture":"#0","tintindex":0},"south":{"uv":[9.34425,0.813,9.78075,1.062],"rotation":0,"texture":"#0","tintindex":0},"north":{"uv":[9.78075,0.813,9.34425,1.062],"rotation":0,"texture":"#0","tintindex":0},"west":{"uv":[9.687,9.84425,9.5005,10.09325],"rotation":0,"texture":"#0","tintindex":0},"up":{"uv":[9.59425,5.8745,10.03075,5.688],"rotation":0,"texture":"#0","tintindex":0},"down":{"uv":[10.03075,5.688,9.59425,5.8745],"rotation":0,"texture":"#0","tintindex":0}}},{"from":[3.7142854,1.4944162,0.6660981],"to":[11.714286,8.351559,4.09467],"rotation":{"angle":0.0,"axis":"y","origin":[7.714286,6.1155224,0.91635084]},"faces":{"east":{"uv":[2.938,7.6255,3.1245,7.9995],"rotation":0,"texture":"#0","tintindex":0},"south":{"uv":[0.84325,9.03175,0.40675,9.40575],"rotation":0,"texture":"#0","tintindex":0},"north":{"uv":[0.40675,9.03175,0.84325,9.40575],"rotation":0,"texture":"#0","tintindex":0},"west":{"uv":[3.1245,7.6255,2.938,7.9995],"rotation":0,"texture":"#0","tintindex":0},"up":{"uv":[10.03075,7.03075,9.59425,6.84425],"rotation":0,"texture":"#0","tintindex":0},"down":{"uv":[10.03075,7.03175,9.59425,7.21825],"rotation":0,"texture":"#0","tintindex":0}}},{"from":[4.428571,8.351559,-3.6767597],"to":[11.0,10.0658455,4.09467],"rotation":{"angle":0.0,"axis":"y","origin":[7.714286,6.1155224,0.91635084]},"faces":{"east":{"uv":[6.8755,5.188,7.312,5.28075],"rotation":0,"texture":"#0","tintindex":0},"south":{"uv":[0.84325,7.46925,0.78175,7.562],"rotation":0,"texture":"#0","tintindex":0},"north":{"uv":[0.40675,7.46925,0.78075,7.562],"rotation":0,"texture":"#0","tintindex":0},"west":{"uv":[7.312,5.188,6.8755,5.28075],"rotation":0,"texture":"#0","tintindex":0},"up":{"uv":[9.40575,3.09325,9.03175,2.65675],"rotation":0,"texture":"#0","tintindex":0},"down":{"uv":[5.312,9.03175,4.938,9.46825],"rotation":0,"texture":"#0","tintindex":0}}},{"from":[3.8571424,3.1515589,-2.762473],"to":[11.571428,8.351559,0.6660981],"rotation":{"angle":0.0,"axis":"y","origin":[7.714286,6.1155224,0.91635084]},"faces":{"east":{"uv":[5.1255,9.813,5.312,10.09325],"rotation":0,"texture":"#0","tintindex":0},"south":{"uv":[6.84325,5.28175,6.40675,5.562],"rotation":0,"texture":"#0","tintindex":0},"north":{"uv":[6.40675,5.28175,6.84325,5.562],"rotation":0,"texture":"#0","tintindex":0},"west":{"uv":[5.312,9.813,5.1255,10.09325],"rotation":0,"texture":"#0","tintindex":0},"up":{"uv":[10.03075,8.6245,9.59425,8.438],"rotation":0,"texture":"#0","tintindex":0},"down":{"uv":[10.062,5.0E-4,9.6255,0.187],"rotation":0,"texture":"#0","tintindex":0}}},{"from":[6.285714,-1.1859503,-3.9915476],"to":[9.142858,3.9569073,-0.8486891],"rotation":{"angle":22.5,"axis":"x","origin":[7.714286,6.1155224,0.91635084]},"faces":{"east":{"uv":[8.313,9.84425,8.4995,10.1245],"rotation":0,"texture":"#0","tintindex":0},"south":{"uv":[2.3745,9.8755,2.21925,10.15575],"rotation":0,"texture":"#0","tintindex":0},"north":{"uv":[2.21925,9.8755,2.3745,10.15575],"rotation":0,"texture":"#0","tintindex":0},"west":{"uv":[8.4995,9.84425,8.313,10.1245],"rotation":0,"texture":"#0","tintindex":0},"up":{"uv":[9.96925,2.3745,10.1245,2.188],"rotation":0,"texture":"#0","tintindex":0},"down":{"uv":[10.1245,2.188,9.96925,2.3745],"rotation":0,"texture":"#0","tintindex":0}}},{"from":[5.714286,3.208702,-5.6196165],"to":[9.714286,8.922988,-2.1910448],"rotation":{"angle":0.0,"axis":"y","origin":[7.714286,6.1155224,0.91635084]},"faces":{"east":{"uv":[6.7505,9.6255,6.937,9.937],"rotation":0,"texture":"#0","tintindex":0},"south":{"uv":[9.8745,0.188,9.65675,0.4995],"rotation":0,"texture":"#0","tintindex":0},"north":{"uv":[9.65675,0.188,9.8745,0.4995],"rotation":0,"texture":"#0","tintindex":0},"west":{"uv":[6.9375,9.6255,6.7505,9.937],"rotation":0,"texture":"#0","tintindex":0},"up":{"uv":[7.562,10.062,7.34425,9.8755],"rotation":0,"texture":"#0","tintindex":0},"down":{"uv":[7.562,9.8755,7.34425,10.062],"rotation":0,"texture":"#0","tintindex":0}}}],"display":{"head":{"translation":[0.0,-6.4,0.0],"scale":[4.0,4.0,4.0]}}}