{"textures":{"0":"modelengine:entity/verak_mount"},"elements":[{"from":[4.352914,-2.372572,0.36159992],"to":[11.3408,8.336457,7.979429],"rotation":{"angle":0.0,"axis":"y","origin":[7.561143,2.9819427,4.4562283]},"faces":{"east":{"uv":[0.438,6.8755,0.84325,7.46825],"rotation":0,"texture":"#0","tintindex":0},"south":{"uv":[8.84425,3.2505,9.21825,3.84325],"rotation":0,"texture":"#0","tintindex":0},"north":{"uv":[9.21925,3.2505,8.84325,3.84325],"rotation":0,"texture":"#0","tintindex":0},"west":{"uv":[0.84425,6.8755,0.437,7.46825],"rotation":0,"texture":"#0","tintindex":0},"up":{"uv":[4.53075,9.437,4.15675,9.0005],"rotation":0,"texture":"#0","tintindex":0},"down":{"uv":[4.15575,9.0005,4.53175,9.437],"rotation":0,"texture":"#0","tintindex":0}}}],"display":{"head":{"translation":[0.0,-6.4,0.0],"scale":[4.0,4.0,4.0]}}}