{"textures":{"0":"modelengine:entity/verak_mount"},"elements":[{"from":[7.6571426,10.285714,-12.0],"to":[7.714286,26.857143,5.142857],"rotation":{"angle":0.0,"axis":"y","origin":[7.8428574,7.5714283,-1.4285717]},"faces":{"east":{"uv":[5.938,3.46925,6.8745,4.3745],"rotation":0,"texture":"#0","tintindex":0},"south":{"uv":[4.59425,9.96925,4.6245,10.8745],"rotation":0,"texture":"#0","tintindex":0},"north":{"uv":[4.563,9.96925,4.59325,10.8745],"rotation":0,"texture":"#0","tintindex":0},"west":{"uv":[6.8745,3.46925,5.938,4.3745],"rotation":0,"texture":"#0","tintindex":0},"up":{"uv":[7.1245,10.84325,7.09425,9.90675],"rotation":0,"texture":"#0","tintindex":0},"down":{"uv":[0.15575,9.938,0.1255,10.8745],"rotation":0,"texture":"#0","tintindex":0}}},{"from":[3.4285712,3.4285712,-6.8571434],"to":[12.571428,12.571428,8.0],"rotation":{"angle":0.0,"axis":"y","origin":[7.8428574,7.5714283,-1.4285717]},"faces":{"east":{"uv":[4.53175,7.65675,5.34325,8.15575],"rotation":0,"texture":"#0","tintindex":0},"south":{"uv":[7.15575,8.438,6.65675,8.937],"rotation":0,"texture":"#0","tintindex":0},"north":{"uv":[6.65675,8.438,7.15575,8.937],"rotation":0,"texture":"#0","tintindex":0},"west":{"uv":[5.34325,7.65675,4.53175,8.15575],"rotation":0,"texture":"#0","tintindex":0},"up":{"uv":[3.15575,4.8745,2.65675,4.063],"rotation":0,"texture":"#0","tintindex":0},"down":{"uv":[8.34325,7.46925,7.84425,8.28075],"rotation":0,"texture":"#0","tintindex":0}}}],"display":{"head":{"translation":[0.0,-6.4,0.0],"scale":[4.0,4.0,4.0]}}}