{"textures":{"0":"modelengine:entity/verak_mount"},"elements":[{"from":[0.15714216,-5.714287,-2.0],"to":[15.585714,9.714286,18.0],"rotation":{"angle":0.0,"axis":"y","origin":[8.0,2.2857141,8.0]},"faces":{"east":{"uv":[5.313,5.0E-4,6.40575,0.84325],"rotation":0,"texture":"#0","tintindex":0},"south":{"uv":[5.8755,6.46925,6.71825,7.312],"rotation":0,"texture":"#0","tintindex":0},"north":{"uv":[6.71925,6.46925,5.8745,7.312],"rotation":0,"texture":"#0","tintindex":0},"west":{"uv":[6.40575,5.0E-4,5.313,0.84325],"rotation":0,"texture":"#0","tintindex":0},"up":{"uv":[5.8745,6.65575,5.03175,5.563],"rotation":0,"texture":"#0","tintindex":0},"down":{"uv":[0.84325,5.78175,5.0E-4,6.8745],"rotation":0,"texture":"#0","tintindex":0}}},{"from":[-0.07142925,-3.2287169,-7.787096],"to":[15.814285,3.0569983,-0.35852432],"rotation":{"angle":45.0,"axis":"x","origin":[7.8714285,1.9344463,8.453082]},"faces":{"east":{"uv":[4.34375,0.0,3.9375,0.34375],"rotation":0,"texture":"#0","tintindex":0},"south":{"uv":[4.5,0.8125,3.625,1.15625],"rotation":0,"texture":"#0","tintindex":0},"north":{"uv":[3.625,0.8125,4.5,1.15625],"rotation":0,"texture":"#0","tintindex":0},"west":{"uv":[3.9375,0.0,4.34375,0.34375],"rotation":0,"texture":"#0","tintindex":0},"up":{"uv":[8.09375,1.28125,8.96875,1.6875],"rotation":0,"texture":"#0","tintindex":0},"down":{"uv":[8.09375,1.6875,8.96875,1.28125],"rotation":0,"texture":"#0","tintindex":0}}},{"from":[5.6428566,11.846722,1.6512656],"to":[10.671429,20.41815,6.2226944],"rotation":{"angle":-22.5,"axis":"x","origin":[7.8714285,1.9344463,8.453082]},"faces":{"east":{"uv":[4.15625,0.34375,3.90625,0.8125],"rotation":0,"texture":"#0","tintindex":0},"south":{"uv":[3.625,0.34375,3.90625,0.8125],"rotation":0,"texture":"#0","tintindex":0},"north":{"uv":[3.621875,0.34375,3.903125,0.8125],"rotation":0,"texture":"#0","tintindex":0},"west":{"uv":[3.90625,0.34375,4.15625,0.8125],"rotation":0,"texture":"#0","tintindex":0},"up":{"uv":[3.65625,0.0,3.9375,0.25],"rotation":0,"texture":"#0","tintindex":0},"down":{"uv":[3.65625,0.0,3.9375,0.25],"rotation":0,"texture":"#0","tintindex":0}}},{"from":[-0.12857246,-4.057143,1.9999995],"to":[0.4428568,4.5142856,12.857143],"rotation":{"angle":0.0,"axis":"y","origin":[7.8714285,1.9344463,8.453082]},"faces":{"east":{"uv":[5.3125,0.34375,4.71875,0.8125],"rotation":0,"texture":"#0","tintindex":0},"south":{"uv":[0.0,0.0,0.03125,0.46875],"rotation":0,"texture":"#0","tintindex":0},"north":{"uv":[0.0,0.0,0.03125,0.46875],"rotation":0,"texture":"#0","tintindex":0},"west":{"uv":[4.71875,0.34375,5.3125,0.8125],"rotation":0,"texture":"#0","tintindex":0},"up":{"uv":[0.0,0.0,0.03125,0.59375],"rotation":0,"texture":"#0","tintindex":0},"down":{"uv":[0.0,0.0,0.03125,0.59375],"rotation":0,"texture":"#0","tintindex":0}}},{"from":[15.3,-4.057143,1.9999995],"to":[15.8714285,4.5142856,12.857143],"rotation":{"angle":0.0,"axis":"y","origin":[7.8714285,1.9344463,8.453082]},"faces":{"east":{"uv":[5.3125,0.34375,4.71875,0.8125],"rotation":0,"texture":"#0","tintindex":0},"south":{"uv":[0.03125,0.0,0.0,0.46875],"rotation":0,"texture":"#0","tintindex":0},"north":{"uv":[0.03125,0.0,0.0,0.46875],"rotation":0,"texture":"#0","tintindex":0},"west":{"uv":[4.71875,0.34375,5.3125,0.8125],"rotation":0,"texture":"#0","tintindex":0},"up":{"uv":[0.03125,0.0,0.0,0.59375],"rotation":0,"texture":"#0","tintindex":0},"down":{"uv":[0.03125,0.0,0.0,0.59375],"rotation":0,"texture":"#0","tintindex":0}}},{"from":[-0.12857246,-5.771429,1.9999995],"to":[15.8714285,-4.057143,12.857143],"rotation":{"angle":0.0,"axis":"y","origin":[7.8714285,1.9344463,8.453082]},"faces":{"east":{"uv":[5.3125,0.8125,4.71875,0.90625],"rotation":0,"texture":"#0","tintindex":0},"south":{"uv":[0.0,0.0,0.875,0.09375],"rotation":0,"texture":"#0","tintindex":0},"north":{"uv":[0.0,0.0,0.875,0.09375],"rotation":0,"texture":"#0","tintindex":0},"west":{"uv":[4.71875,0.8125,5.3125,0.90625],"rotation":0,"texture":"#0","tintindex":0},"up":{"uv":[6.21875,0.90625,5.34375,1.5],"rotation":0,"texture":"#0","tintindex":0},"down":{"uv":[5.34375,0.90625,6.21875,1.5],"rotation":0,"texture":"#0","tintindex":0}}},{"from":[-0.12857246,4.5142856,-1.4285717],"to":[15.8714285,10.8,16.285715],"rotation":{"angle":0.0,"axis":"y","origin":[7.8714285,1.9344463,8.453082]},"faces":{"east":{"uv":[5.3125,0.0,4.34375,0.34375],"rotation":0,"texture":"#0","tintindex":0},"south":{"uv":[4.375,0.0,5.25,0.34375],"rotation":0,"texture":"#0","tintindex":0},"north":{"uv":[4.375,0.0,5.25,0.34375],"rotation":0,"texture":"#0","tintindex":0},"west":{"uv":[4.34375,0.0,5.3125,0.34375],"rotation":0,"texture":"#0","tintindex":0},"up":{"uv":[7.21875,0.71875,8.09375,1.6875],"rotation":0,"texture":"#0","tintindex":0},"down":{"uv":[11.125,0.09375,12.0,1.0625],"rotation":0,"texture":"#0","tintindex":0}}},{"from":[-0.07142925,-1.7798405,15.815811],"to":[15.814286,4.505875,26.101526],"rotation":{"angle":-45.0,"axis":"x","origin":[7.8714285,1.9344463,8.453082]},"faces":{"east":{"uv":[4.71875,0.34375,4.15625,0.6875],"rotation":0,"texture":"#0","tintindex":0},"south":{"uv":[3.628125,0.8125,4.496875,1.15625],"rotation":0,"texture":"#0","tintindex":0},"north":{"uv":[3.628125,0.809375,4.496875,1.153125],"rotation":0,"texture":"#0","tintindex":0},"west":{"uv":[4.15625,0.34375,4.71875,0.6875],"rotation":0,"texture":"#0","tintindex":0},"up":{"uv":[8.09375,0.71875,8.96875,1.28125],"rotation":0,"texture":"#0","tintindex":0},"down":{"uv":[8.09375,1.28125,8.96875,0.71875],"rotation":0,"texture":"#0","tintindex":0}}}],"display":{"head":{"translation":[0.0,-6.4,0.0],"scale":[4.0,4.0,4.0]}}}