{"textures":{"0":"modelengine:entity/verak"},"elements":[{"from":[6.4662857,7.0180044,8.394027],"to":[9.533714,10.660576,12.99517],"rotation":{"angle":-22.5,"axis":"x","origin":[8.0,7.7732143,7.9080453]},"faces":{"east":{"uv":[6.938,1.21925,7.187,1.40575],"rotation":0,"texture":"#0","tintindex":0},"south":{"uv":[1.90575,10.0005,1.7505,10.187],"rotation":0,"texture":"#0","tintindex":0},"north":{"uv":[1.7505,10.0005,1.90575,10.187],"rotation":0,"texture":"#0","tintindex":0},"west":{"uv":[7.187,1.21925,6.938,1.40575],"rotation":0,"texture":"#0","tintindex":0},"up":{"uv":[4.46925,5.562,4.6245,5.313],"rotation":0,"texture":"#0","tintindex":0},"down":{"uv":[4.6245,5.313,4.46925,5.562],"rotation":0,"texture":"#0","tintindex":0}}},{"from":[5.6994286,1.7233768,5.5260324],"to":[10.300571,7.8582344,10.127175],"rotation":{"angle":45.0,"axis":"x","origin":[8.0,7.7732143,7.9080453]},"faces":{"east":{"uv":[5.063,9.46925,5.312,9.812],"rotation":0,"texture":"#0","tintindex":0},"south":{"uv":[4.813,9.46925,5.062,9.812],"rotation":0,"texture":"#0","tintindex":0},"north":{"uv":[5.062,9.46925,4.813,9.812],"rotation":0,"texture":"#0","tintindex":0},"west":{"uv":[5.312,9.46925,5.063,9.812],"rotation":0,"texture":"#0","tintindex":0},"up":{"uv":[2.84425,9.937,3.09325,9.688],"rotation":0,"texture":"#0","tintindex":0},"down":{"uv":[3.09325,9.688,2.84425,9.937],"rotation":0,"texture":"#0","tintindex":0}}},{"from":[6.082857,6.6860647,5.985406],"to":[9.917143,10.328636,9.819692],"rotation":{"angle":22.5,"axis":"x","origin":[8.0,7.7732143,7.9080453]},"faces":{"east":{"uv":[9.90675,8.6255,10.1245,8.809375],"rotation":0,"texture":"#0","tintindex":0},"south":{"uv":[9.903125,5.1255,10.121875,5.312],"rotation":0,"texture":"#0","tintindex":0},"north":{"uv":[10.1245,5.1255,9.90675,5.312],"rotation":0,"texture":"#0","tintindex":0},"west":{"uv":[10.1245,8.6255,9.90675,8.812],"rotation":0,"texture":"#0","tintindex":0},"up":{"uv":[9.8755,0.40575,10.09325,0.188],"rotation":0,"texture":"#0","tintindex":0},"down":{"uv":[10.09325,0.188,9.8755,0.40575],"rotation":0,"texture":"#0","tintindex":0}}}],"display":{"head":{"translation":[0.0,-6.4,0.0],"scale":[4.0,4.0,4.0]}}}