{"textures":{"0":"modelengine:entity/verak"},"elements":[{"from":[6.3890285,5.7952,0.14159966],"to":[10.168686,10.2048,7.8584],"rotation":{"angle":0.0,"axis":"y","origin":[8.278857,7.7340493,2.0520453]},"faces":{"east":{"uv":[9.2505,6.34425,9.687,6.59325],"rotation":0,"texture":"#0","tintindex":0},"south":{"uv":[10.0005,2.7505,9.78075,2.9995],"rotation":0,"texture":"#0","tintindex":0},"north":{"uv":[9.78175,2.7505,9.9995,2.9995],"rotation":0,"texture":"#0","tintindex":0},"west":{"uv":[9.688,6.34425,9.2495,6.59325],"rotation":0,"texture":"#0","tintindex":0},"up":{"uv":[3.937,9.84325,3.71925,9.40675],"rotation":0,"texture":"#0","tintindex":0},"down":{"uv":[3.937,9.40675,3.71925,9.84325],"rotation":0,"texture":"#0","tintindex":0}}},{"from":[7.0189714,7.3485484,-5.659396],"to":[9.538743,10.498263,0.16757536],"rotation":{"angle":-45.0,"axis":"x","origin":[8.278857,7.7340493,2.0520453]},"faces":{"east":{"uv":[9.688,6.40675,9.9995,6.59325],"rotation":0,"texture":"#0","tintindex":0},"south":{"uv":[10.1255,5.8755,9.9995,6.062],"rotation":0,"texture":"#0","tintindex":0},"north":{"uv":[10.0005,5.8755,10.1245,6.062],"rotation":0,"texture":"#0","tintindex":0},"west":{"uv":[10.0005,6.40675,9.687,6.59325],"rotation":0,"texture":"#0","tintindex":0},"up":{"uv":[2.71825,10.2495,2.59425,9.938],"rotation":0,"texture":"#0","tintindex":0},"down":{"uv":[2.71825,9.938,2.59425,10.2495],"rotation":0,"texture":"#0","tintindex":0}}}],"display":{"head":{"translation":[0.0,-6.4,0.0],"scale":[4.0,4.0,4.0]}}}