{"textures":{"0":"modelengine:entity/verak"},"elements":[{"from":[5.831314,5.7952,0.14159966],"to":[9.610971,10.2048,7.8584],"rotation":{"angle":0.0,"axis":"y","origin":[7.721143,7.7340493,2.0520453]},"faces":{"east":{"uv":[9.2495,6.34425,9.688,6.59325],"rotation":0,"texture":"#0","tintindex":0},"south":{"uv":[9.78075,2.7505,10.0005,2.9995],"rotation":0,"texture":"#0","tintindex":0},"north":{"uv":[9.9995,2.7505,9.78175,2.9995],"rotation":0,"texture":"#0","tintindex":0},"west":{"uv":[9.687,6.34425,9.2505,6.59325],"rotation":0,"texture":"#0","tintindex":0},"up":{"uv":[3.71925,9.84325,3.937,9.40675],"rotation":0,"texture":"#0","tintindex":0},"down":{"uv":[3.71925,9.40675,3.937,9.84325],"rotation":0,"texture":"#0","tintindex":0}}},{"from":[6.461257,7.3485484,-5.659396],"to":[8.981029,10.498263,0.16757536],"rotation":{"angle":-45.0,"axis":"x","origin":[7.721143,7.7340493,2.0520453]},"faces":{"east":{"uv":[9.687,6.40675,10.0005,6.59325],"rotation":0,"texture":"#0","tintindex":0},"south":{"uv":[9.9995,5.8755,10.1255,6.062],"rotation":0,"texture":"#0","tintindex":0},"north":{"uv":[10.1245,5.8755,10.0005,6.062],"rotation":0,"texture":"#0","tintindex":0},"west":{"uv":[9.9995,6.40675,9.688,6.59325],"rotation":0,"texture":"#0","tintindex":0},"up":{"uv":[2.59425,10.2495,2.71825,9.938],"rotation":0,"texture":"#0","tintindex":0},"down":{"uv":[2.59425,9.938,2.71825,10.2495],"rotation":0,"texture":"#0","tintindex":0}}}],"display":{"head":{"translation":[0.0,-6.4,0.0],"scale":[4.0,4.0,4.0]}}}