{"textures":{"0":"modelengine:entity/verak"},"elements":[{"from":[3.933754,3.1033711,0.029028416],"to":[11.110623,7.5129714,7.7458286],"rotation":{"angle":0.0,"axis":"y","origin":[7.820726,3.1744566,2.9196568]},"faces":{"east":{"uv":[9.187,4.40675,9.6255,4.65575],"rotation":0,"texture":"#0","tintindex":0},"south":{"uv":[9.187,6.84425,9.59425,7.09325],"rotation":0,"texture":"#0","tintindex":0},"north":{"uv":[9.59325,6.84425,9.188,7.09325],"rotation":0,"texture":"#0","tintindex":0},"west":{"uv":[9.6245,4.40675,9.188,4.65575],"rotation":0,"texture":"#0","tintindex":0},"up":{"uv":[8.78175,4.84325,9.187,4.40675],"rotation":0,"texture":"#0","tintindex":0},"down":{"uv":[8.78175,4.40675,9.187,4.84325],"rotation":0,"texture":"#0","tintindex":0}}},{"from":[3.3953767,-1.7076006,-3.7734861],"to":[11.643148,3.3319426,7.7229714],"rotation":{"angle":0.0,"axis":"y","origin":[7.820726,3.1744566,2.9196568]},"faces":{"east":{"uv":[4.937,3.46925,5.563,3.7495],"rotation":0,"texture":"#0","tintindex":0},"south":{"uv":[5.65575,2.21925,6.09425,2.4995],"rotation":0,"texture":"#0","tintindex":0},"north":{"uv":[6.09325,2.21925,5.65675,2.4995],"rotation":0,"texture":"#0","tintindex":0},"west":{"uv":[5.562,3.46925,4.938,3.7495],"rotation":0,"texture":"#0","tintindex":0},"up":{"uv":[8.313,0.6245,8.7495,5.0E-4],"rotation":0,"texture":"#0","tintindex":0},"down":{"uv":[8.7505,0.0,8.312,0.624],"rotation":0,"texture":"#0","tintindex":0}}}],"display":{"head":{"translation":[0.0,-6.4,0.0],"scale":[4.0,4.0,4.0]}}}