{"textures":{"0":"modelengine:entity/verak"},"elements":[{"from":[1.3855996,-3.968915,1.3855996],"to":[11.5232,11.149714,14.614401],"rotation":{"angle":0.0,"axis":"y","origin":[5.5079427,4.1736,8.024228]},"faces":{"east":{"uv":[2.40575,6.0005,3.1255,6.812],"rotation":0,"texture":"#0","tintindex":0},"south":{"uv":[3.96825,7.2505,4.53175,8.062],"rotation":0,"texture":"#0","tintindex":0},"north":{"uv":[4.53075,7.2505,3.96925,8.062],"rotation":0,"texture":"#0","tintindex":0},"west":{"uv":[3.1245,6.813,2.40675,7.6245],"rotation":0,"texture":"#0","tintindex":0},"up":{"uv":[1.063,8.28075,1.6245,7.563],"rotation":0,"texture":"#0","tintindex":0},"down":{"uv":[1.6255,7.563,1.062,8.28075],"rotation":0,"texture":"#0","tintindex":0}}}],"display":{"head":{"translation":[0.0,-6.4,0.0],"scale":[4.0,4.0,4.0]}}}