{"textures":{"0":"modelengine:entity/verak"},"elements":[{"from":[4.6591997,-2.372572,0.36159992],"to":[11.647086,8.336457,7.979429],"rotation":{"angle":0.0,"axis":"y","origin":[8.438857,2.9819427,4.4562283]},"faces":{"east":{"uv":[0.437,6.8755,0.84425,7.46825],"rotation":0,"texture":"#0","tintindex":0},"south":{"uv":[9.21825,3.2505,8.84425,3.84325],"rotation":0,"texture":"#0","tintindex":0},"north":{"uv":[8.84325,3.2505,9.21925,3.84325],"rotation":0,"texture":"#0","tintindex":0},"west":{"uv":[0.84325,6.8755,0.438,7.46825],"rotation":0,"texture":"#0","tintindex":0},"up":{"uv":[4.15675,9.437,4.53075,9.0005],"rotation":0,"texture":"#0","tintindex":0},"down":{"uv":[4.53175,9.0005,4.15575,9.437],"rotation":0,"texture":"#0","tintindex":0}}}],"display":{"head":{"translation":[0.0,-6.4,0.0],"scale":[4.0,4.0,4.0]}}}