{"textures":{"0":"modelengine:entity/verak"},"elements":[{"from":[-16.0,6.1002665,-12.000006],"to":[21.142857,10.100267,-8.000004],"rotation":{"angle":0.0,"axis":"y","origin":[2.5714283,8.100266,-10.000004]},"faces":{"east":{"uv":[2.84325,9.688,2.59425,9.937],"rotation":0,"texture":"#0","tintindex":0},"south":{"uv":[6.84325,6.09425,8.8755,6.312],"rotation":0,"texture":"#0","tintindex":0},"north":{"uv":[8.8745,6.09425,6.84425,6.312],"rotation":0,"texture":"#0","tintindex":0},"west":{"uv":[2.59325,9.688,2.84425,9.937],"rotation":0,"texture":"#0","tintindex":0},"up":{"uv":[6.84425,6.312,8.8745,6.09425],"rotation":0,"texture":"#0","tintindex":0},"down":{"uv":[6.84425,6.09425,8.8745,6.312],"rotation":0,"texture":"#0","tintindex":0}}},{"from":[-12.0,7.8145523,-8.000004],"to":[22.285713,8.443124,32.0],"rotation":{"angle":0.0,"axis":"y","origin":[5.1428566,8.128839,11.999996]},"faces":{"east":{"uv":[10.937,4.09425,9.688,4.1245],"rotation":0,"texture":"#0","tintindex":0},"south":{"uv":[10.687,4.15675,8.813,4.187],"rotation":0,"texture":"#0","tintindex":0},"north":{"uv":[10.15575,4.188,8.28175,4.21825],"rotation":0,"texture":"#0","tintindex":0},"west":{"uv":[10.8745,8.40675,9.6255,8.437],"rotation":0,"texture":"#0","tintindex":0},"up":{"uv":[1.71825,2.1875,3.59325,0.0],"rotation":0,"texture":"#0","tintindex":0},"down":{"uv":[1.71825,0.0,3.59325,2.1875],"rotation":0,"texture":"#0","tintindex":0}}}],"display":{"head":{"translation":[-51.108765,-6.4,72.12015],"scale":[4.0,4.0,4.0]}}}