{"textures":{"0":"modelengine:entity/verak"},"elements":[{"from":[-2.285715,6.285714,-12.000004],"to":[32.0,10.285714,-8.000002],"rotation":{"angle":0.0,"axis":"y","origin":[14.857143,8.285714,-10.000002]},"faces":{"east":{"uv":[9.8755,3.59425,9.65575,3.84325],"rotation":0,"texture":"#0","tintindex":0},"south":{"uv":[9.03175,2.7505,7.15575,2.96825],"rotation":0,"texture":"#0","tintindex":0},"north":{"uv":[7.15675,2.7505,9.03075,2.96825],"rotation":0,"texture":"#0","tintindex":0},"west":{"uv":[9.65675,3.59425,9.8745,3.84325],"rotation":0,"texture":"#0","tintindex":0},"up":{"uv":[9.03075,2.96825,7.15675,2.7505],"rotation":0,"texture":"#0","tintindex":0},"down":{"uv":[9.03075,2.7505,7.15675,2.96825],"rotation":0,"texture":"#0","tintindex":0}}},{"from":[-0.57142925,7.9428573,-8.000002],"to":[30.857143,8.114285,32.0],"rotation":{"angle":0.0,"axis":"y","origin":[15.142857,8.028571,11.999998]},"faces":{"east":{"uv":[7.65675,0.65675,8.90575,0.687],"rotation":0,"texture":"#0","tintindex":0},"south":{"uv":[9.46925,1.84425,11.187,1.8745],"rotation":0,"texture":"#0","tintindex":0},"north":{"uv":[9.40675,5.46925,11.1245,5.4995],"rotation":0,"texture":"#0","tintindex":0},"west":{"uv":[7.65675,0.688,8.90575,0.71825],"rotation":0,"texture":"#0","tintindex":0},"up":{"uv":[4.937,4.6875,3.21825,2.5],"rotation":0,"texture":"#0","tintindex":0},"down":{"uv":[4.937,2.5,3.21825,4.6875],"rotation":0,"texture":"#0","tintindex":0}}}],"display":{"head":{"translation":[38.857147,-6.4,73.14287],"scale":[4.0,4.0,4.0]}}}