{"textures":{"0":"modelengine:entity/verak"},"elements":[{"from":[-12.830566,5.142857,3.3378034],"to":[6.5980053,11.428572,9.623518],"rotation":{"angle":22.5,"axis":"y","origin":[-3.1162815,8.285714,6.4806604]},"faces":{"east":{"uv":[9.5005,1.09425,9.15575,1.46825],"rotation":0,"texture":"#0","tintindex":0},"south":{"uv":[2.938,8.09425,3.9995,8.437],"rotation":0,"texture":"#0","tintindex":0},"north":{"uv":[4.0005,8.09425,2.937,8.437],"rotation":0,"texture":"#0","tintindex":0},"west":{"uv":[9.15675,1.09425,9.4995,1.46825],"rotation":0,"texture":"#0","tintindex":0},"up":{"uv":[6.40575,8.437,5.34425,8.09425],"rotation":0,"texture":"#0","tintindex":0},"down":{"uv":[6.40575,8.09425,5.34425,8.437],"rotation":0,"texture":"#0","tintindex":0}}},{"from":[20.648361,8.285714,-16.0],"to":[30.362648,8.342857,-5.714285],"rotation":{"angle":0.0,"axis":"y","origin":[25.505505,8.314285,-10.8571415]},"faces":{"east":{"uv":[0.0,0.0,0.53125,0.003125],"rotation":0,"texture":"#0","tintindex":0},"south":{"uv":[0.0,0.0,0.53125,0.003125],"rotation":0,"texture":"#0","tintindex":0},"north":{"uv":[0.0,0.0,0.53125,0.003125],"rotation":0,"texture":"#0","tintindex":0},"west":{"uv":[0.0,0.0,0.53125,0.003125],"rotation":0,"texture":"#0","tintindex":0},"up":{"uv":[0.0,5.21875,0.53125,5.78125],"rotation":0,"texture":"#0","tintindex":0},"down":{"uv":[0.0,5.78125,0.53125,5.21875],"rotation":0,"texture":"#0","tintindex":0}}},{"from":[5.0103493,5.714286,-4.0724506],"to":[27.296066,10.857143,1.070406],"rotation":{"angle":22.5,"axis":"y","origin":[16.153208,8.285714,-1.5010223]},"faces":{"east":{"uv":[1.1255,5.78175,0.84325,6.09325],"rotation":0,"texture":"#0","tintindex":0},"south":{"uv":[9.03175,1.7505,7.812,2.03075],"rotation":0,"texture":"#0","tintindex":0},"north":{"uv":[7.813,1.7505,9.03075,2.03075],"rotation":0,"texture":"#0","tintindex":0},"west":{"uv":[0.84425,5.78175,1.1245,6.09325],"rotation":0,"texture":"#0","tintindex":0},"up":{"uv":[5.21825,8.46825,4.0005,8.188],"rotation":0,"texture":"#0","tintindex":0},"down":{"uv":[5.21825,8.188,4.0005,8.46825],"rotation":0,"texture":"#0","tintindex":0}}},{"from":[6.285713,8.0,0.70305634],"to":[32.0,8.057143,23.5602],"rotation":{"angle":22.5,"axis":"y","origin":[19.142855,8.028571,12.131628]},"faces":{"east":{"uv":[7.563,6.03175,8.812,6.062],"rotation":0,"texture":"#0","tintindex":0},"south":{"uv":[7.563,2.71925,8.96825,2.7495],"rotation":0,"texture":"#0","tintindex":0},"north":{"uv":[7.563,2.688,8.96825,2.71825],"rotation":0,"texture":"#0","tintindex":0},"west":{"uv":[7.563,6.063,8.812,6.09325],"rotation":0,"texture":"#0","tintindex":0},"up":{"uv":[4.9995,2.4995,3.59325,1.2495],"rotation":0,"texture":"#0","tintindex":0},"down":{"uv":[4.9995,1.247375,3.59325,2.497375],"rotation":0,"texture":"#0","tintindex":0}}}],"display":{"head":{"translation":[68.2637,-6.4,-2.2857208],"scale":[4.0,4.0,4.0]}}}