{"textures":{"0":"modelengine:entity/verak"},"elements":[{"from":[7.6816325,11.412856,-4.02792],"to":[7.853061,27.984283,10.257795],"rotation":{"angle":0.0,"axis":"y","origin":[7.767347,8.841427,3.1149383]},"faces":{"east":{"uv":[1.6245,6.65675,0.84425,7.562],"rotation":0,"texture":"#0","tintindex":0},"south":{"uv":[4.65675,9.96925,4.687,10.8745],"rotation":0,"texture":"#0","tintindex":0},"north":{"uv":[4.6255,9.96925,4.65575,10.8745],"rotation":0,"texture":"#0","tintindex":0},"west":{"uv":[0.84425,6.65675,1.6245,7.562],"rotation":0,"texture":"#0","tintindex":0},"up":{"uv":[3.187,4.84325,3.15675,4.063],"rotation":0,"texture":"#0","tintindex":0},"down":{"uv":[3.21825,4.063,3.188,4.84325],"rotation":0,"texture":"#0","tintindex":0}}},{"from":[3.2244897,2.6985703,-0.59934807],"to":[12.938776,12.412856,8.5435095],"rotation":{"angle":0.0,"axis":"y","origin":[8.081633,7.5557127,8.902919]},"faces":{"east":{"uv":[8.15675,8.28175,8.65575,8.812],"rotation":0,"texture":"#0","tintindex":0},"south":{"uv":[7.6255,8.28175,8.15575,8.812],"rotation":0,"texture":"#0","tintindex":0},"north":{"uv":[8.28175,3.2505,8.812,3.78075],"rotation":0,"texture":"#0","tintindex":0},"west":{"uv":[8.65575,8.28175,8.15675,8.812],"rotation":0,"texture":"#0","tintindex":0},"up":{"uv":[3.46825,8.937,2.938,8.438],"rotation":0,"texture":"#0","tintindex":0},"down":{"uv":[3.9995,8.438,3.46925,8.937],"rotation":0,"texture":"#0","tintindex":0}}},{"from":[12.649445,1.5557127,10.429616],"to":[12.706587,13.555714,21.858189],"rotation":{"angle":22.5,"axis":"y","origin":[8.081633,7.5557127,8.902919]},"faces":{"east":{"uv":[7.563,2.03175,8.187,2.687],"rotation":0,"texture":"#0","tintindex":0},"south":{"uv":[5.84425,6.65675,5.8745,7.312],"rotation":0,"texture":"#0","tintindex":0},"north":{"uv":[2.6255,5.21925,2.65575,5.8745],"rotation":0,"texture":"#0","tintindex":0},"west":{"uv":[8.187,2.03175,7.563,2.687],"rotation":0,"texture":"#0","tintindex":0},"up":{"uv":[1.9995,10.6245,1.96925,10.0005],"rotation":0,"texture":"#0","tintindex":0},"down":{"uv":[0.96825,10.03175,0.938,10.65575],"rotation":0,"texture":"#0","tintindex":0}}},{"from":[3.456678,1.5557127,10.429617],"to":[3.5138206,13.555714,21.858189],"rotation":{"angle":-22.5,"axis":"y","origin":[8.081633,7.5557127,8.902919]},"faces":{"east":{"uv":[7.563,2.03175,8.187,2.687],"rotation":0,"texture":"#0","tintindex":0},"south":{"uv":[5.8745,6.65675,5.84425,7.312],"rotation":0,"texture":"#0","tintindex":0},"north":{"uv":[2.65575,5.21925,2.6255,5.8745],"rotation":0,"texture":"#0","tintindex":0},"west":{"uv":[8.187,2.03175,7.563,2.687],"rotation":0,"texture":"#0","tintindex":0},"up":{"uv":[1.96925,10.6245,1.9995,10.0005],"rotation":0,"texture":"#0","tintindex":0},"down":{"uv":[0.938,10.03175,0.96825,10.65575],"rotation":0,"texture":"#0","tintindex":0}}},{"from":[4.367347,6.6985703,-9.742207],"to":[11.22449,11.269999,-0.59934807],"rotation":{"angle":0.0,"axis":"y","origin":[7.7959185,8.229696,-1.0894728]},"faces":{"east":{"uv":[9.1255,8.7505,9.6245,8.9995],"rotation":0,"texture":"#0","tintindex":0},"south":{"uv":[4.438,9.438,4.812,9.687],"rotation":0,"texture":"#0","tintindex":0},"north":{"uv":[3.34425,9.438,3.71825,9.687],"rotation":0,"texture":"#0","tintindex":0},"west":{"uv":[9.6245,8.7505,9.1255,8.9995],"rotation":0,"texture":"#0","tintindex":0},"up":{"uv":[7.15575,9.437,6.78175,8.938],"rotation":0,"texture":"#0","tintindex":0},"down":{"uv":[9.34325,0.59425,8.96925,1.09325],"rotation":0,"texture":"#0","tintindex":0}}},{"from":[9.091073,7.700577,-10.313635],"to":[13.091074,10.557719,-7.4564915],"rotation":{"angle":22.5,"axis":"z","origin":[7.7959185,8.229696,-1.0894728]},"faces":{"east":{"uv":[9.03175,3.09425,9.187,3.2495],"rotation":0,"texture":"#0","tintindex":0},"south":{"uv":[6.687,7.313,6.46925,7.46825],"rotation":0,"texture":"#0","tintindex":0},"north":{"uv":[6.46925,7.313,6.687,7.46825],"rotation":0,"texture":"#0","tintindex":0},"west":{"uv":[9.187,3.09425,9.03175,3.2495],"rotation":0,"texture":"#0","tintindex":0},"up":{"uv":[7.84325,8.28075,7.6255,8.1255],"rotation":0,"texture":"#0","tintindex":0},"down":{"uv":[7.84325,8.1255,7.6255,8.28075],"rotation":0,"texture":"#0","tintindex":0}}},{"from":[2.7242131,7.7357006,-10.313635],"to":[6.724213,10.592844,-7.4564915],"rotation":{"angle":-22.5,"axis":"z","origin":[7.7959185,8.229696,-1.0894728]},"faces":{"east":{"uv":[9.03175,3.09425,9.187,3.2495],"rotation":0,"texture":"#0","tintindex":0},"south":{"uv":[6.46925,7.313,6.687,7.46825],"rotation":0,"texture":"#0","tintindex":0},"north":{"uv":[6.687,7.313,6.46925,7.46825],"rotation":0,"texture":"#0","tintindex":0},"west":{"uv":[9.187,3.09425,9.03175,3.2495],"rotation":0,"texture":"#0","tintindex":0},"up":{"uv":[7.6255,8.28075,7.84325,8.1255],"rotation":0,"texture":"#0","tintindex":0},"down":{"uv":[7.6255,8.1255,7.84325,8.28075],"rotation":0,"texture":"#0","tintindex":0}}},{"from":[5.0816326,3.4932814,-10.689766],"to":[10.510204,8.207567,-6.689764],"rotation":{"angle":22.5,"axis":"x","origin":[7.7959185,8.229696,-1.0894728]},"faces":{"east":{"uv":[5.78175,9.84425,5.9995,10.09325],"rotation":0,"texture":"#0","tintindex":0},"south":{"uv":[9.6255,4.40675,9.937,4.65575],"rotation":0,"texture":"#0","tintindex":0},"north":{"uv":[3.938,9.6255,4.2495,9.8745],"rotation":0,"texture":"#0","tintindex":0},"west":{"uv":[5.9995,9.84425,5.78175,10.09325],"rotation":0,"texture":"#0","tintindex":0},"up":{"uv":[1.65575,9.312,1.34425,9.09425],"rotation":0,"texture":"#0","tintindex":0},"down":{"uv":[1.65575,9.09425,1.34425,9.312],"rotation":0,"texture":"#0","tintindex":0}}},{"from":[4.5673466,4.9842844,-8.885063],"to":[11.02449,6.9842844,1.1149383],"rotation":{"angle":0.0,"axis":"y","origin":[7.7959185,8.229696,-1.0894728]},"faces":{"east":{"uv":[2.65675,4.8755,3.21825,4.9995],"rotation":0,"texture":"#0","tintindex":0},"south":{"uv":[7.15675,2.063,7.21825,2.187],"rotation":0,"texture":"#0","tintindex":0},"north":{"uv":[6.78175,2.063,7.15575,2.187],"rotation":0,"texture":"#0","tintindex":0},"west":{"uv":[3.21825,4.8755,2.65675,4.9995],"rotation":0,"texture":"#0","tintindex":0},"up":{"uv":[7.9995,9.3745,7.6255,8.813],"rotation":0,"texture":"#0","tintindex":0},"down":{"uv":[8.3745,8.813,8.0005,9.3745],"rotation":0,"texture":"#0","tintindex":0}}},{"from":[5.881633,6.4932814,-9.089766],"to":[9.595919,11.064711,-2.1183357],"rotation":{"angle":22.5,"axis":"x","origin":[7.7959185,8.229696,-1.0894728]},"faces":{"east":{"uv":[5.563,3.46925,5.937,3.71825],"rotation":0,"texture":"#0","tintindex":0},"south":{"uv":[4.46825,9.688,4.2505,9.937],"rotation":0,"texture":"#0","tintindex":0},"north":{"uv":[4.2505,9.688,4.46825,9.937],"rotation":0,"texture":"#0","tintindex":0},"west":{"uv":[5.937,3.46925,5.563,3.71825],"rotation":0,"texture":"#0","tintindex":0},"up":{"uv":[1.9995,9.9995,1.78175,9.6255],"rotation":0,"texture":"#0","tintindex":0},"down":{"uv":[1.78175,9.6255,1.9995,9.9995],"rotation":0,"texture":"#0","tintindex":0}}},{"from":[9.795918,3.8267221,-1.4481754],"to":[14.367348,9.541008,7.6946826],"rotation":{"angle":22.5,"axis":"x","origin":[7.7959185,8.229696,-1.0894728]},"faces":{"east":{"uv":[8.90675,4.84425,9.40575,5.15575],"rotation":0,"texture":"#0","tintindex":0},"south":{"uv":[6.0005,9.6255,6.2495,9.937],"rotation":0,"texture":"#0","tintindex":0},"north":{"uv":[6.2495,9.6255,6.0005,9.937],"rotation":0,"texture":"#0","tintindex":0},"west":{"uv":[9.40575,4.84425,8.90675,5.15575],"rotation":0,"texture":"#0","tintindex":0},"up":{"uv":[3.1255,7.312,3.3745,6.813],"rotation":0,"texture":"#0","tintindex":0},"down":{"uv":[3.3745,6.813,3.1255,7.312],"rotation":0,"texture":"#0","tintindex":0}}},{"from":[10.938776,5.749939,-6.1893425],"to":[13.795919,9.178511,-0.4750576],"rotation":{"angle":-22.5,"axis":"x","origin":[7.7959185,8.229696,-1.0894728]},"faces":{"east":{"uv":[9.78175,0.5005,10.09325,0.687],"rotation":0,"texture":"#0","tintindex":0},"south":{"uv":[9.96925,3.21925,10.1245,3.40575],"rotation":0,"texture":"#0","tintindex":0},"north":{"uv":[9.96925,3.21925,10.1245,3.40575],"rotation":0,"texture":"#0","tintindex":0},"west":{"uv":[10.09325,0.5005,9.78175,0.687],"rotation":0,"texture":"#0","tintindex":0},"up":{"uv":[4.6245,5.312,4.46925,5.0005],"rotation":0,"texture":"#0","tintindex":0},"down":{"uv":[4.46925,5.0005,4.6245,5.312],"rotation":0,"texture":"#0","tintindex":0}}},{"from":[10.710204,4.78835,2.4952602],"to":[14.195919,8.216922,11.0666895],"rotation":{"angle":-22.5,"axis":"x","origin":[7.7959185,8.229696,-1.0894728]},"faces":{"east":{"uv":[6.0005,9.438,6.46825,9.6245],"rotation":0,"texture":"#0","tintindex":0},"south":{"uv":[6.34425,9.938,6.53075,10.1245],"rotation":0,"texture":"#0","tintindex":0},"north":{"uv":[6.53075,9.938,6.34425,10.1245],"rotation":0,"texture":"#0","tintindex":0},"west":{"uv":[6.46825,9.438,6.0005,9.6245],"rotation":0,"texture":"#0","tintindex":0},"up":{"uv":[7.3755,9.875,7.562,9.40675],"rotation":0,"texture":"#0","tintindex":0},"down":{"uv":[7.562,9.40675,7.3755,9.8745],"rotation":0,"texture":"#0","tintindex":0}}},{"from":[8.577271,9.555713,-0.30237865],"to":[12.748701,12.984285,7.126193],"rotation":{"angle":22.5,"axis":"y","origin":[7.7959185,8.229696,-1.0894728]},"faces":{"east":{"uv":[9.6255,7.65675,10.03075,7.84325],"rotation":0,"texture":"#0","tintindex":0},"south":{"uv":[9.90575,9.8755,9.688,10.062],"rotation":0,"texture":"#0","tintindex":0},"north":{"uv":[9.688,9.8755,9.90575,10.062],"rotation":0,"texture":"#0","tintindex":0},"west":{"uv":[10.03075,7.65675,9.6255,7.84325],"rotation":0,"texture":"#0","tintindex":0},"up":{"uv":[4.7495,7.65575,4.53175,7.2505],"rotation":0,"texture":"#0","tintindex":0},"down":{"uv":[4.7495,7.2505,4.53175,7.65575],"rotation":0,"texture":"#0","tintindex":0}}},{"from":[1.2244897,3.8267221,-1.4481754],"to":[5.7959185,9.541008,7.6946826],"rotation":{"angle":22.5,"axis":"x","origin":[7.7959185,8.229696,-1.0894728]},"faces":{"east":{"uv":[8.90675,4.84425,9.40575,5.15575],"rotation":0,"texture":"#0","tintindex":0},"south":{"uv":[6.2495,9.6255,6.0005,9.937],"rotation":0,"texture":"#0","tintindex":0},"north":{"uv":[6.0005,9.6255,6.2495,9.937],"rotation":0,"texture":"#0","tintindex":0},"west":{"uv":[9.40575,4.84425,8.90675,5.15575],"rotation":0,"texture":"#0","tintindex":0},"up":{"uv":[3.3745,7.312,3.1255,6.813],"rotation":0,"texture":"#0","tintindex":0},"down":{"uv":[3.1255,6.813,3.3745,7.312],"rotation":0,"texture":"#0","tintindex":0}}},{"from":[1.7959185,5.749939,-6.1893425],"to":[4.653061,9.178511,-0.4750576],"rotation":{"angle":-22.5,"axis":"x","origin":[7.7959185,8.229696,-1.0894728]},"faces":{"east":{"uv":[9.78175,0.5005,10.09325,0.687],"rotation":0,"texture":"#0","tintindex":0},"south":{"uv":[10.1245,3.21925,9.96925,3.40575],"rotation":0,"texture":"#0","tintindex":0},"north":{"uv":[10.1245,3.21925,9.96925,3.40575],"rotation":0,"texture":"#0","tintindex":0},"west":{"uv":[10.09325,0.5005,9.78175,0.687],"rotation":0,"texture":"#0","tintindex":0},"up":{"uv":[4.46925,5.312,4.6245,5.0005],"rotation":0,"texture":"#0","tintindex":0},"down":{"uv":[4.6245,5.0005,4.46925,5.312],"rotation":0,"texture":"#0","tintindex":0}}},{"from":[1.3959179,4.78835,2.4952602],"to":[4.881633,8.216922,11.0666895],"rotation":{"angle":-22.5,"axis":"x","origin":[7.7959185,8.229696,-1.0894728]},"faces":{"east":{"uv":[6.0005,9.438,6.46825,9.6245],"rotation":0,"texture":"#0","tintindex":0},"south":{"uv":[6.53075,9.938,6.34425,10.1245],"rotation":0,"texture":"#0","tintindex":0},"north":{"uv":[6.34425,9.938,6.53075,10.1245],"rotation":0,"texture":"#0","tintindex":0},"west":{"uv":[6.46825,9.438,6.0005,9.6245],"rotation":0,"texture":"#0","tintindex":0},"up":{"uv":[7.562,9.875,7.3755,9.40675],"rotation":0,"texture":"#0","tintindex":0},"down":{"uv":[7.3755,9.40675,7.562,9.8745],"rotation":0,"texture":"#0","tintindex":0}}},{"from":[1.5102038,7.2951913,1.4979334],"to":[4.881633,10.7237625,11.7836485],"rotation":{"angle":22.5,"axis":"x","origin":[7.7959185,8.229696,-1.0894728]},"faces":{"east":{"uv":[9.188,4.65675,9.7495,4.84325],"rotation":0,"texture":"#0","tintindex":0},"south":{"uv":[6.90575,9.938,6.71925,10.1245],"rotation":0,"texture":"#0","tintindex":0},"north":{"uv":[6.53175,9.938,6.71825,10.1245],"rotation":0,"texture":"#0","tintindex":0},"west":{"uv":[9.7495,4.65675,9.188,4.84325],"rotation":0,"texture":"#0","tintindex":0},"up":{"uv":[1.5005,3.6245,1.687,3.063],"rotation":0,"texture":"#0","tintindex":0},"down":{"uv":[1.5005,3.063,1.687,3.6245],"rotation":0,"texture":"#0","tintindex":0}}},{"from":[2.8431363,9.555713,-0.30237865],"to":[7.014565,12.984285,7.126193],"rotation":{"angle":-22.5,"axis":"y","origin":[7.7959185,8.229696,-1.0894728]},"faces":{"east":{"uv":[9.6255,7.65675,10.03075,7.84325],"rotation":0,"texture":"#0","tintindex":0},"south":{"uv":[9.688,9.8755,9.90575,10.062],"rotation":0,"texture":"#0","tintindex":0},"north":{"uv":[9.90575,9.8755,9.688,10.062],"rotation":0,"texture":"#0","tintindex":0},"west":{"uv":[10.03075,7.65675,9.6255,7.84325],"rotation":0,"texture":"#0","tintindex":0},"up":{"uv":[4.53175,7.65575,4.7495,7.2505],"rotation":0,"texture":"#0","tintindex":0},"down":{"uv":[4.53175,7.2505,4.7495,7.65575],"rotation":0,"texture":"#0","tintindex":0}}},{"from":[10.710204,7.2951913,1.4979334],"to":[14.081633,10.7237625,11.7836485],"rotation":{"angle":22.5,"axis":"x","origin":[7.7959185,8.229696,-1.0894728]},"faces":{"east":{"uv":[9.188,4.65675,9.7495,4.84325],"rotation":0,"texture":"#0","tintindex":0},"south":{"uv":[6.71925,9.938,6.90575,10.1245],"rotation":0,"texture":"#0","tintindex":0},"north":{"uv":[6.71825,9.938,6.53175,10.1245],"rotation":0,"texture":"#0","tintindex":0},"west":{"uv":[9.7495,4.65675,9.188,4.84325],"rotation":0,"texture":"#0","tintindex":0},"up":{"uv":[1.687,3.6245,1.5005,3.063],"rotation":0,"texture":"#0","tintindex":0},"down":{"uv":[1.687,3.063,1.5005,3.6245],"rotation":0,"texture":"#0","tintindex":0}}}],"display":{"head":{"translation":[0.0,-6.4,0.0],"scale":[4.0,4.0,4.0]}}}