{"textures":{"0":"modelengine:entity/verak"},"elements":[{"from":[1.9999995,1.9999995,-10.285715],"to":[14.0,14.0,8.0],"rotation":{"angle":0.0,"axis":"y","origin":[7.9857144,8.571428,-1.1428576]},"faces":{"east":{"uv":[6.21925,1.409375,7.21875,2.062],"rotation":0,"texture":"#0","tintindex":0},"south":{"uv":[7.84325,7.46925,7.188,8.1245],"rotation":0,"texture":"#0","tintindex":0},"north":{"uv":[7.188,7.46925,7.84325,8.1245],"rotation":0,"texture":"#0","tintindex":0},"west":{"uv":[7.21825,1.40675,6.21925,2.062],"rotation":0,"texture":"#0","tintindex":0},"up":{"uv":[5.437,7.65575,4.78175,6.65675],"rotation":0,"texture":"#0","tintindex":0},"down":{"uv":[7.3745,6.46925,6.71925,7.46825],"rotation":0,"texture":"#0","tintindex":0}}},{"from":[7.9428573,5.428571,-9.714287],"to":[8.0,22.0,7.428571],"rotation":{"angle":0.0,"axis":"y","origin":[7.9857144,8.571428,-1.1428576]},"faces":{"east":{"uv":[5.938,4.3755,6.8755,5.28175],"rotation":0,"texture":"#0","tintindex":0},"south":{"uv":[4.59425,9.96925,4.6245,10.8745],"rotation":0,"texture":"#0","tintindex":0},"north":{"uv":[4.563,9.96925,4.59325,10.8745],"rotation":0,"texture":"#0","tintindex":0},"west":{"uv":[6.8745,4.3755,5.937,5.28175],"rotation":0,"texture":"#0","tintindex":0},"up":{"uv":[7.1245,10.84325,7.09425,9.90675],"rotation":0,"texture":"#0","tintindex":0},"down":{"uv":[0.15575,9.938,0.1255,10.8745],"rotation":0,"texture":"#0","tintindex":0}}}],"display":{"head":{"translation":[0.0,-6.4,0.0],"scale":[4.0,4.0,4.0]}}}