{"textures":{"0":"modelengine:entity/verak"},"elements":[{"from":[-16.0,6.285714,-12.000004],"to":[18.285715,10.285714,-8.000002],"rotation":{"angle":0.0,"axis":"y","origin":[1.1428566,8.285714,-10.000002]},"faces":{"east":{"uv":[9.8745,3.59425,9.65675,3.84325],"rotation":0,"texture":"#0","tintindex":0},"south":{"uv":[7.15575,2.7505,9.03175,2.96825],"rotation":0,"texture":"#0","tintindex":0},"north":{"uv":[9.03075,2.7505,7.15675,2.96825],"rotation":0,"texture":"#0","tintindex":0},"west":{"uv":[9.65575,3.59425,9.8755,3.84325],"rotation":0,"texture":"#0","tintindex":0},"up":{"uv":[7.15675,2.96825,9.03075,2.7505],"rotation":0,"texture":"#0","tintindex":0},"down":{"uv":[7.15675,2.7505,9.03075,2.96825],"rotation":0,"texture":"#0","tintindex":0}}},{"from":[-14.857143,7.9428573,-8.000002],"to":[16.57143,8.114285,32.0],"rotation":{"angle":0.0,"axis":"y","origin":[0.8571434,8.028571,11.999998]},"faces":{"east":{"uv":[8.90575,0.688,7.65675,0.71825],"rotation":0,"texture":"#0","tintindex":0},"south":{"uv":[11.187,1.84425,9.46925,1.8745],"rotation":0,"texture":"#0","tintindex":0},"north":{"uv":[11.1245,5.46925,9.40675,5.4995],"rotation":0,"texture":"#0","tintindex":0},"west":{"uv":[8.90575,0.65675,7.65675,0.687],"rotation":0,"texture":"#0","tintindex":0},"up":{"uv":[3.21825,4.6875,4.937,2.5],"rotation":0,"texture":"#0","tintindex":0},"down":{"uv":[3.21825,2.5,4.937,4.6875],"rotation":0,"texture":"#0","tintindex":0}}}],"display":{"head":{"translation":[-38.857147,-6.4,73.14287],"scale":[4.0,4.0,4.0]}}}