{"textures":{"0":"modelengine:entity/verak"},"elements":[{"from":[0.15714216,-5.714287,-2.0],"to":[15.585714,9.714286,18.0],"rotation":{"angle":0.0,"axis":"y","origin":[8.0,2.2857141,8.0]},"faces":{"east":{"uv":[5.313,5.0E-4,6.40575,0.84325],"rotation":0,"texture":"#0","tintindex":0},"south":{"uv":[5.8755,6.46925,6.71825,7.312],"rotation":0,"texture":"#0","tintindex":0},"north":{"uv":[6.71925,6.46925,5.8745,7.312],"rotation":0,"texture":"#0","tintindex":0},"west":{"uv":[6.40575,5.0E-4,5.313,0.84325],"rotation":0,"texture":"#0","tintindex":0},"up":{"uv":[5.8745,6.65575,5.03175,5.563],"rotation":0,"texture":"#0","tintindex":0},"down":{"uv":[0.84325,5.78175,5.0E-4,6.8745],"rotation":0,"texture":"#0","tintindex":0}}},{"from":[8.1,5.714286,-0.8571434],"to":[8.157143,22.285715,16.857143],"rotation":{"angle":0.0,"axis":"y","origin":[8.0,2.2857141,8.0]},"faces":{"east":{"uv":[5.8755,5.563,6.84425,6.46925],"rotation":0,"texture":"#0","tintindex":0},"south":{"uv":[6.90675,9.938,6.937,10.84325],"rotation":0,"texture":"#0","tintindex":0},"north":{"uv":[0.15675,9.938,0.187,10.84325],"rotation":0,"texture":"#0","tintindex":0},"west":{"uv":[6.84425,5.563,5.8755,6.46925],"rotation":0,"texture":"#0","tintindex":0},"up":{"uv":[5.562,10.84325,5.53175,9.8755],"rotation":0,"texture":"#0","tintindex":0},"down":{"uv":[7.09325,9.90675,7.063,10.8745],"rotation":0,"texture":"#0","tintindex":0}}}],"display":{"head":{"translation":[0.0,-6.4,0.0],"scale":[4.0,4.0,4.0]}}}