{
	"parent": "minecraft:item/generated",
	"textures": {
    "layer0": "minecraft:block/gray_stained_glass"
	},
	"overrides": [
        { "predicate": { "custom_model_data": 1 }, "model": "item/interface/gray/filler" } ,
        { "predicate": { "custom_model_data": 2 }, "model": "item/interface/gray/curved_arrow_left" } ,
        { "predicate": { "custom_model_data": 3 }, "model": "item/interface/gray/curved_arrow_right" } ,
        { "predicate": { "custom_model_data": 4 }, "model": "item/interface/gray/curved_arrow_left2" } ,
        { "predicate": { "custom_model_data": 5 }, "model": "item/interface/gray/curved_arrow_right2" } ,
        { "predicate": { "custom_model_data": 6 }, "model": "item/interface/gray/arrow_up" } ,
        { "predicate": { "custom_model_data": 7 }, "model": "item/interface/gray/arrow_down" } ,
        { "predicate": { "custom_model_data": 8 }, "model": "item/interface/gray/arrow_left" } ,
        { "predicate": { "custom_model_data": 9 }, "model": "item/interface/gray/arrow_right" } ,
        { "predicate": { "custom_model_data": 10 }, "model": "item/interface/gray/arrow_up2" } ,
        { "predicate": { "custom_model_data": 11 }, "model": "item/interface/gray/arrow_down2" } ,
        { "predicate": { "custom_model_data": 12 }, "model": "item/interface/gray/arrow_left2" } ,
        { "predicate": { "custom_model_data": 13 }, "model": "item/interface/gray/arrow_right2" } ,
        { "predicate": { "custom_model_data": 14 }, "model": "item/interface/gray/boxed_arrow_up" } ,
        { "predicate": { "custom_model_data": 15 }, "model": "item/interface/gray/boxed_arrow_down" } ,
        { "predicate": { "custom_model_data": 16 }, "model": "item/interface/gray/boxed_arrow_left" } ,
        { "predicate": { "custom_model_data": 17 }, "model": "item/interface/gray/boxed_arrow_right" } ,
        { "predicate": { "custom_model_data": 18 }, "model": "item/interface/gray/gray_boxed_arrow_up" } ,
        { "predicate": { "custom_model_data": 19 }, "model": "item/interface/gray/gray_boxed_arrow_down" } ,
        { "predicate": { "custom_model_data": 20 }, "model": "item/interface/gray/gray_boxed_arrow_left" } ,
        { "predicate": { "custom_model_data": 21 }, "model": "item/interface/gray/gray_boxed_arrow_right" } ,
        { "predicate": { "custom_model_data": 22 }, "model": "item/interface/gray/scroll_top" } ,
        { "predicate": { "custom_model_data": 23 }, "model": "item/interface/gray/scroll_top2" } ,
        { "predicate": { "custom_model_data": 24 }, "model": "item/interface/gray/scroll_middle" } ,
        { "predicate": { "custom_model_data": 25 }, "model": "item/interface/gray/scroll_middle2" } ,
        { "predicate": { "custom_model_data": 26 }, "model": "item/interface/gray/scroll_middle3" } ,
        { "predicate": { "custom_model_data": 27 }, "model": "item/interface/gray/scroll_middle4" } ,
        { "predicate": { "custom_model_data": 28 }, "model": "item/interface/gray/scroll_bottom" } ,
        { "predicate": { "custom_model_data": 29 }, "model": "item/interface/gray/scroll_bottom2" } ,
        { "predicate": { "custom_model_data": 30 }, "model": "item/interface/gray/home" } ,
        { "predicate": { "custom_model_data": 31 }, "model": "item/interface/gray/back" } ,
        { "predicate": { "custom_model_data": 32 }, "model": "item/interface/gray/discord" } ,
        { "predicate": { "custom_model_data": 33 }, "model": "item/interface/gray/alert" } ,
        { "predicate": { "custom_model_data": 34 }, "model": "item/interface/gray/info" } ,
        { "predicate": { "custom_model_data": 35 }, "model": "item/interface/gray/gold_trophy" } ,
        { "predicate": { "custom_model_data": 36 }, "model": "item/interface/gray/silver_trophy" } ,
        { "predicate": { "custom_model_data": 37 }, "model": "item/interface/gray/bronze_trophy" } ,
        { "predicate": { "custom_model_data": 38 }, "model": "item/interface/gray/search" } ,
        { "predicate": { "custom_model_data": 39 }, "model": "item/interface/gray/repair" } ,
        { "predicate": { "custom_model_data": 40 }, "model": "item/interface/gray/speech" } ,
        { "predicate": { "custom_model_data": 41 }, "model": "item/interface/gray/speech_blocked" } ,
        { "predicate": { "custom_model_data": 42 }, "model": "item/interface/gray/crafting" } ,
        { "predicate": { "custom_model_data": 43 }, "model": "item/interface/gray/lock" } ,
        { "predicate": { "custom_model_data": 44 }, "model": "item/interface/gray/unlock" } ,
        { "predicate": { "custom_model_data": 45 }, "model": "item/interface/gray/blocked" } ,
        { "predicate": { "custom_model_data": 46 }, "model": "item/interface/gray/blocked_thin" } ,
        { "predicate": { "custom_model_data": 47 }, "model": "item/interface/gray/check" } ,
        { "predicate": { "custom_model_data": 48 }, "model": "item/interface/gray/cross" } ,
        { "predicate": { "custom_model_data": 49 }, "model": "item/interface/gray/exclamation" }
	]
}