{"textures":{"0":"modelengine:entity/bug"},"elements":[{"from":[7.937691,-13.686174,0.57142687],"to":[7.9948344,9.170972,32.0],"rotation":{"angle":0.0,"axis":"y","origin":[7.966263,-2.2576008,16.285713]},"faces":{"east":{"uv":[4.9375,0.0,8.375,2.5],"rotation":0,"texture":"#0","tintindex":0},"south":{"uv":[3.5,10.875,3.4375,13.375],"rotation":0,"texture":"#0","tintindex":0},"north":{"uv":[3.4375,10.875,3.375,13.375],"rotation":0,"texture":"#0","tintindex":0},"west":{"uv":[8.375,0.0,4.9375,2.5],"rotation":0,"texture":"#0","tintindex":0},"up":{"uv":[1.1875,13.625,1.25,10.1875],"rotation":0,"texture":"#0","tintindex":0},"down":{"uv":[9.4375,10.25,9.5,13.6875],"rotation":0,"texture":"#0","tintindex":0}}}],"display":{"head":{"translation":[0.0,-6.4,27.465149],"scale":[4.0,4.0,4.0]}}}