{"textures":{"0":"modelengine:entity/bug"},"elements":[{"from":[7.9301944,-6.596115,-13.248001],"to":[7.9948344,25.723886,32.0],"rotation":{"angle":0.0,"axis":"y","origin":[7.9625144,9.563886,9.375999]},"faces":{"east":{"uv":[0.0,0.0,4.9375,3.5625],"rotation":0,"texture":"#0","tintindex":0},"south":{"uv":[1.1875,10.1875,1.125,13.75],"rotation":0,"texture":"#0","tintindex":0},"north":{"uv":[1.125,10.1875,1.0625,13.75],"rotation":0,"texture":"#0","tintindex":0},"west":{"uv":[4.9375,0.0,0.0,3.5625],"rotation":0,"texture":"#0","tintindex":0},"up":{"uv":[2.875,14.6875,2.9375,9.75],"rotation":0,"texture":"#0","tintindex":0},"down":{"uv":[1.0,10.1875,1.0625,15.125],"rotation":0,"texture":"#0","tintindex":0}}}],"display":{"head":{"translation":[0.0,-6.4,82.44298],"scale":[4.0,4.0,4.0]}}}