{"textures":{"0":"modelengine:entity/bug_larva"},"elements":[{"from":[6.68,4.9142857,1.4742856],"to":[9.251429,7.4857144,3.4742856],"rotation":{"angle":0.0,"axis":"y","origin":[8.037143,7.318816,7.9257145]},"faces":{"east":{"uv":[10.5,4.25,9.5,5.5],"rotation":0,"texture":"#0","tintindex":0},"south":{"uv":[1.0,7.5,2.25,8.75],"rotation":0,"texture":"#0","tintindex":0},"north":{"uv":[1.0,8.75,2.25,10.0],"rotation":0,"texture":"#0","tintindex":0},"west":{"uv":[9.5,4.25,10.5,5.5],"rotation":0,"texture":"#0","tintindex":0},"up":{"uv":[10.75,6.5,9.5,5.5],"rotation":0,"texture":"#0","tintindex":0},"down":{"uv":[9.5,8.75,8.25,9.75],"rotation":0,"texture":"#0","tintindex":0}}},{"from":[5.3942857,4.8571424,3.4228568],"to":[10.537143,10.0,5.422857],"rotation":{"angle":0.0,"axis":"y","origin":[8.037143,7.318816,7.9257145]},"faces":{"east":{"uv":[9.0,0.0,8.0,2.25],"rotation":0,"texture":"#0","tintindex":0},"south":{"uv":[2.25,5.5,0.0,7.75],"rotation":0,"texture":"#0","tintindex":0},"north":{"uv":[0.0,5.5,2.25,7.75],"rotation":0,"texture":"#0","tintindex":0},"west":{"uv":[8.0,0.0,9.0,2.25],"rotation":0,"texture":"#0","tintindex":0},"up":{"uv":[10.25,3.25,8.0,2.25],"rotation":0,"texture":"#0","tintindex":0},"down":{"uv":[10.25,2.25,8.0,3.25],"rotation":0,"texture":"#0","tintindex":0}}},{"from":[5.3942857,4.8571424,10.565714],"to":[10.537143,10.0,12.565714],"rotation":{"angle":0.0,"axis":"y","origin":[8.037143,7.318816,7.9257145]},"faces":{"east":{"uv":[9.0,0.0,8.0,2.25],"rotation":0,"texture":"#0","tintindex":0},"south":{"uv":[2.25,5.5,0.0,7.75],"rotation":0,"texture":"#0","tintindex":0},"north":{"uv":[0.0,5.5,2.25,7.75],"rotation":0,"texture":"#0","tintindex":0},"west":{"uv":[8.0,0.0,9.0,2.25],"rotation":0,"texture":"#0","tintindex":0},"up":{"uv":[10.25,3.25,8.0,2.25],"rotation":0,"texture":"#0","tintindex":0},"down":{"uv":[10.25,2.25,8.0,3.25],"rotation":0,"texture":"#0","tintindex":0}}},{"from":[4.8571424,4.8571424,5.428571],"to":[11.142858,11.142858,10.571428],"rotation":{"angle":0.0,"axis":"y","origin":[8.037143,7.318816,7.9257145]},"faces":{"east":{"uv":[7.25,5.0,5.0,7.75],"rotation":0,"texture":"#0","tintindex":0},"south":{"uv":[2.75,0.0,0.0,2.75],"rotation":0,"texture":"#0","tintindex":0},"north":{"uv":[0.0,0.0,2.75,2.75],"rotation":0,"texture":"#0","tintindex":0},"west":{"uv":[5.0,5.0,7.25,7.75],"rotation":0,"texture":"#0","tintindex":0},"up":{"uv":[8.0,2.25,5.25,0.0],"rotation":0,"texture":"#0","tintindex":0},"down":{"uv":[8.0,0.0,5.25,2.25],"rotation":0,"texture":"#0","tintindex":0}}},{"from":[6.468571,4.8571424,12.548572],"to":[9.611428,8.0,14.548572],"rotation":{"angle":0.0,"axis":"y","origin":[8.037143,7.318816,7.9257145]},"faces":{"east":{"uv":[5.5,8.75,4.5,10.25],"rotation":0,"texture":"#0","tintindex":0},"south":{"uv":[8.25,8.25,9.75,9.75],"rotation":0,"texture":"#0","tintindex":0},"north":{"uv":[9.75,8.25,8.25,9.75],"rotation":0,"texture":"#0","tintindex":0},"west":{"uv":[4.5,8.75,5.5,10.25],"rotation":0,"texture":"#0","tintindex":0},"up":{"uv":[10.5,1.0,9.0,0.0],"rotation":0,"texture":"#0","tintindex":0},"down":{"uv":[10.5,0.0,9.0,1.0],"rotation":0,"texture":"#0","tintindex":0}}},{"from":[5.714286,8.857143,0.5714283],"to":[5.771428,13.428572,5.142857],"rotation":{"angle":22.5,"axis":"y","origin":[5.742857,11.142858,2.8571424]},"faces":{"east":{"uv":[2.0,10.25,0.0,12.25],"rotation":0,"texture":"#0","tintindex":0},"south":{"uv":[5.0,12.5,4.025,14.5],"rotation":0,"texture":"#0","tintindex":0},"north":{"uv":[4.25,12.75,5.025,14.75],"rotation":0,"texture":"#0","tintindex":0},"west":{"uv":[0.0,10.25,2.0,12.25],"rotation":0,"texture":"#0","tintindex":0},"up":{"uv":[4.25,12.75,5.775,14.75],"rotation":0,"texture":"#0","tintindex":0},"down":{"uv":[4.0,12.5,5.275,14.5],"rotation":0,"texture":"#0","tintindex":0}}},{"from":[10.388572,8.857143,0.5714283],"to":[10.445715,13.428572,5.142857],"rotation":{"angle":-22.5,"axis":"y","origin":[10.417143,11.142858,2.8571424]},"faces":{"east":{"uv":[2.0,10.25,0.0,12.25],"rotation":0,"texture":"#0","tintindex":0},"south":{"uv":[4.025,12.5,5.0,14.5],"rotation":0,"texture":"#0","tintindex":0},"north":{"uv":[5.025,12.75,4.25,14.75],"rotation":0,"texture":"#0","tintindex":0},"west":{"uv":[0.0,10.25,2.0,12.25],"rotation":0,"texture":"#0","tintindex":0},"up":{"uv":[5.775,12.75,4.25,14.75],"rotation":0,"texture":"#0","tintindex":0},"down":{"uv":[5.275,12.5,4.0,14.5],"rotation":0,"texture":"#0","tintindex":0}}},{"from":[7.9428573,6.342857,-1.3714285],"to":[8.0,10.914286,3.1999998],"rotation":{"angle":0.0,"axis":"y","origin":[7.9714284,8.6285715,0.91428566]},"faces":{"east":{"uv":[2.0,10.25,0.0,12.25],"rotation":0,"texture":"#0","tintindex":0},"south":{"uv":[5.0,12.5,4.025,14.5],"rotation":0,"texture":"#0","tintindex":0},"north":{"uv":[4.25,12.75,5.025,14.75],"rotation":0,"texture":"#0","tintindex":0},"west":{"uv":[0.0,10.25,2.0,12.25],"rotation":0,"texture":"#0","tintindex":0},"up":{"uv":[4.25,12.75,5.775,14.75],"rotation":0,"texture":"#0","tintindex":0},"down":{"uv":[4.0,12.5,5.275,14.5],"rotation":0,"texture":"#0","tintindex":0}}}],"display":{"head":{"translation":[0.0,-6.4,0.0],"scale":[4.0,4.0,4.0]}}}