{"textures":{"0":"modelengine:entity/sintia"},"elements":[{"from":[8.0,4.2398286,-0.91999435],"to":[8.057143,12.239829,8.222863],"rotation":{"angle":0.0,"axis":"y","origin":[8.014286,8.405628,5.2542887]},"faces":{"east":{"uv":[11.4375,3.0625,12.4375,3.9375],"rotation":0,"texture":"#0","tintindex":0},"south":{"uv":[5.6875,7.3125,5.75,8.1875],"rotation":0,"texture":"#0","tintindex":0},"north":{"uv":[2.3125,5.8125,2.375,6.6875],"rotation":0,"texture":"#0","tintindex":0},"west":{"uv":[12.4375,3.0625,11.4375,3.9375],"rotation":0,"texture":"#0","tintindex":0},"up":{"uv":[2.25,6.8125,2.1875,5.8125],"rotation":0,"texture":"#0","tintindex":0},"down":{"uv":[2.3125,5.8125,2.25,6.8125],"rotation":0,"texture":"#0","tintindex":0}}},{"from":[6.285714,7.4579077,4.671684],"to":[9.714286,10.886479,8.671684],"rotation":{"angle":22.5,"axis":"x","origin":[8.014286,8.405628,5.2542887]},"faces":{"east":{"uv":[13.1875,8.5625,13.625,8.9375],"rotation":0,"texture":"#0","tintindex":0},"south":{"uv":[13.75,10.4375,13.375,10.8125],"rotation":0,"texture":"#0","tintindex":0},"north":{"uv":[13.375,10.4375,13.75,10.8125],"rotation":0,"texture":"#0","tintindex":0},"west":{"uv":[13.625,8.5625,13.1875,8.9375],"rotation":0,"texture":"#0","tintindex":0},"up":{"uv":[13.6875,7.0,13.3125,6.5625],"rotation":0,"texture":"#0","tintindex":0},"down":{"uv":[13.6875,6.5625,13.3125,7.0],"rotation":0,"texture":"#0","tintindex":0}}}],"display":{"head":{"translation":[0.0,-6.4,0.0],"scale":[4.0,4.0,4.0]}}}