{"textures":{"0":"modelengine:entity/sintia"},"elements":[{"from":[4.8571424,4.285714,3.7142854],"to":[11.142858,8.285714,11.142858],"rotation":{"angle":0.0,"axis":"y","origin":[6.985714,6.5943713,8.142858]},"faces":{"east":{"uv":[12.9375,12.125,13.75,12.5625],"rotation":0,"texture":"#0","tintindex":0},"south":{"uv":[13.1875,0.375,13.875,0.8125],"rotation":0,"texture":"#0","tintindex":0},"north":{"uv":[13.875,0.375,13.1875,0.8125],"rotation":0,"texture":"#0","tintindex":0},"west":{"uv":[13.75,12.125,12.9375,12.5625],"rotation":0,"texture":"#0","tintindex":0},"up":{"uv":[13.125,13.375,12.4375,12.5625],"rotation":0,"texture":"#0","tintindex":0},"down":{"uv":[13.125,12.5625,12.4375,13.375],"rotation":0,"texture":"#0","tintindex":0}}},{"from":[6.0,4.285714,11.142858],"to":[10.0,8.285714,13.428572],"rotation":{"angle":0.0,"axis":"y","origin":[6.985714,6.5943713,8.142858]},"faces":{"east":{"uv":[2.125,7.75,2.375,8.1875],"rotation":0,"texture":"#0","tintindex":0},"south":{"uv":[13.1875,2.625,13.625,3.0625],"rotation":0,"texture":"#0","tintindex":0},"north":{"uv":[13.1875,2.625,13.625,3.0625],"rotation":0,"texture":"#0","tintindex":0},"west":{"uv":[2.375,7.75,2.125,8.1875],"rotation":0,"texture":"#0","tintindex":0},"up":{"uv":[5.75,10.0625,5.3125,9.8125],"rotation":0,"texture":"#0","tintindex":0},"down":{"uv":[5.75,9.8125,5.3125,10.0625],"rotation":0,"texture":"#0","tintindex":0}}},{"from":[4.285714,3.4945588,10.294374],"to":[7.714286,6.9231305,14.294374],"rotation":{"angle":-22.5,"axis":"x","origin":[6.985714,6.5943713,8.142858]},"faces":{"east":{"uv":[13.625,8.5625,13.1875,8.9375],"rotation":0,"texture":"#0","tintindex":0},"south":{"uv":[13.375,10.4375,13.75,10.8125],"rotation":0,"texture":"#0","tintindex":0},"north":{"uv":[13.75,10.4375,13.375,10.8125],"rotation":0,"texture":"#0","tintindex":0},"west":{"uv":[13.1875,8.5625,13.625,8.9375],"rotation":0,"texture":"#0","tintindex":0},"up":{"uv":[13.3125,6.5625,13.6875,7.0],"rotation":0,"texture":"#0","tintindex":0},"down":{"uv":[13.3125,7.0,13.6875,6.5625],"rotation":0,"texture":"#0","tintindex":0}}},{"from":[5.942857,2.5714283,11.142858],"to":[6.0,10.571428,20.285715],"rotation":{"angle":0.0,"axis":"y","origin":[6.985714,6.5943713,8.142858]},"faces":{"east":{"uv":[12.4375,3.0625,11.4375,3.9375],"rotation":0,"texture":"#0","tintindex":0},"south":{"uv":[2.3125,5.8125,2.375,6.6875],"rotation":0,"texture":"#0","tintindex":0},"north":{"uv":[5.6875,7.3125,5.75,8.1875],"rotation":0,"texture":"#0","tintindex":0},"west":{"uv":[11.4375,3.0625,12.4375,3.9375],"rotation":0,"texture":"#0","tintindex":0},"up":{"uv":[2.1875,5.8125,2.25,6.8125],"rotation":0,"texture":"#0","tintindex":0},"down":{"uv":[2.25,6.8125,2.3125,5.8125],"rotation":0,"texture":"#0","tintindex":0}}}],"display":{"head":{"translation":[0.0,-6.4,0.0],"scale":[4.0,4.0,4.0]}}}