{"textures":{"0":"modelengine:entity/sintia"},"elements":[{"from":[5.428571,0.0,3.4285712],"to":[11.714286,9.714286,10.857143],"rotation":{"angle":0.0,"axis":"y","origin":[8.571428,4.8571424,7.142857]},"faces":{"east":{"uv":[0.0,11.5625,0.8125,12.625],"rotation":0,"texture":"#0","tintindex":0},"south":{"uv":[12.5,1.875,13.1875,2.9375],"rotation":0,"texture":"#0","tintindex":0},"north":{"uv":[13.1875,1.875,12.5,2.9375],"rotation":0,"texture":"#0","tintindex":0},"west":{"uv":[0.8125,11.5625,0.0,12.625],"rotation":0,"texture":"#0","tintindex":0},"up":{"uv":[11.0625,13.375,10.375,12.5625],"rotation":0,"texture":"#0","tintindex":0},"down":{"uv":[11.0625,12.5625,10.375,13.375],"rotation":0,"texture":"#0","tintindex":0}}}],"display":{"head":{"translation":[0.0,-6.4,0.0],"scale":[4.0,4.0,4.0]}}}