{"textures":{"0":"modelengine:entity/sintia"},"elements":[{"from":[3.5021253,-10.700001,-3.4843607],"to":[3.5592685,8.157143,18.229927],"rotation":{"angle":0.0,"axis":"y","origin":[3.4082055,6.7285714,5.2292485]},"faces":{"east":{"uv":[0.0,3.75,2.375,5.8125],"rotation":0,"texture":"#0","tintindex":0},"south":{"uv":[12.9375,13.375,12.875,15.4375],"rotation":0,"texture":"#0","tintindex":0},"north":{"uv":[5.4375,13.3125,5.375,15.375],"rotation":0,"texture":"#0","tintindex":0},"west":{"uv":[2.375,3.75,0.0,5.8125],"rotation":0,"texture":"#0","tintindex":0},"up":{"uv":[8.375,15.4375,8.4375,13.0625],"rotation":0,"texture":"#0","tintindex":0},"down":{"uv":[8.4375,13.0625,8.5,15.4375],"rotation":0,"texture":"#0","tintindex":0}}},{"from":[-0.62857246,4.7285714,-1.2000008],"to":[7.2,8.157143,7.3714285],"rotation":{"angle":0.0,"axis":"y","origin":[3.4082055,6.7285714,5.2292485]},"faces":{"east":{"uv":[13.0625,4.375,14.0,4.75],"rotation":0,"texture":"#0","tintindex":0},"south":{"uv":[0.5625,13.125,1.4375,13.5],"rotation":0,"texture":"#0","tintindex":0},"north":{"uv":[1.4375,13.125,0.5625,13.5],"rotation":0,"texture":"#0","tintindex":0},"west":{"uv":[14.0,4.375,13.0625,4.75],"rotation":0,"texture":"#0","tintindex":0},"up":{"uv":[6.75,13.0625,7.625,12.125],"rotation":0,"texture":"#0","tintindex":0},"down":{"uv":[6.75,12.125,7.625,13.0625],"rotation":0,"texture":"#0","tintindex":0}}},{"from":[-0.05714321,8.157143,-0.40000057],"to":[6.6285715,9.8714285,7.3714285],"rotation":{"angle":0.0,"axis":"y","origin":[3.4082055,6.7285714,5.2292485]},"faces":{"east":{"uv":[13.1875,5.625,14.0625,5.8125],"rotation":0,"texture":"#0","tintindex":0},"south":{"uv":[14.125,9.3125,13.375,9.5],"rotation":0,"texture":"#0","tintindex":0},"north":{"uv":[12.8125,10.125,12.0625,10.3125],"rotation":0,"texture":"#0","tintindex":0},"west":{"uv":[14.0625,5.625,13.1875,5.8125],"rotation":0,"texture":"#0","tintindex":0},"up":{"uv":[12.4375,0.875,13.1875,0.0],"rotation":0,"texture":"#0","tintindex":0},"down":{"uv":[12.4375,3.0625,13.1875,3.9375],"rotation":0,"texture":"#0","tintindex":0}}}],"display":{"head":{"translation":[0.0,-6.4,0.0],"scale":[4.0,4.0,4.0]}}}