{"textures":{"0":"modelengine:entity/sintia"},"elements":[{"from":[4.428571,7.5714283,5.714284],"to":[11.571428,14.714286,32.0],"rotation":{"angle":0.0,"axis":"y","origin":[8.0,11.160765,17.981745]},"faces":{"east":{"uv":[9.0625,6.5,11.9375,7.3125],"rotation":0,"texture":"#0","tintindex":0},"south":{"uv":[11.125,6.5,11.9375,7.3125],"rotation":0,"texture":"#0","tintindex":0},"north":{"uv":[11.125,6.5,11.9375,7.3125],"rotation":0,"texture":"#0","tintindex":0},"west":{"uv":[11.9375,6.5,9.0625,7.3125],"rotation":0,"texture":"#0","tintindex":0},"up":{"uv":[0.8125,11.5625,0.0,8.6875],"rotation":0,"texture":"#0","tintindex":0},"down":{"uv":[9.875,8.125,9.0625,11.0],"rotation":0,"texture":"#0","tintindex":0}}},{"from":[8.572905,12.969236,11.999998],"to":[8.744333,27.254951,21.714285],"rotation":{"angle":-22.5,"axis":"z","origin":[8.0,11.160765,17.981745]},"faces":{"east":{"uv":[3.5625,2.6875,4.625,4.25],"rotation":0,"texture":"#0","tintindex":0},"south":{"uv":[5.9375,15.0625,7.0,16.0],"rotation":0,"texture":"#0","tintindex":0},"north":{"uv":[6.1875,15.0625,7.25,16.0],"rotation":0,"texture":"#0","tintindex":0},"west":{"uv":[4.625,2.6875,3.5625,4.25],"rotation":0,"texture":"#0","tintindex":0},"up":{"uv":[7.8125,16.0,6.75,14.9375],"rotation":0,"texture":"#0","tintindex":0},"down":{"uv":[7.625,14.9375,6.5625,16.0],"rotation":0,"texture":"#0","tintindex":0}}},{"from":[7.2556667,12.969236,11.999998],"to":[7.427095,27.254951,21.714285],"rotation":{"angle":22.5,"axis":"z","origin":[8.0,11.160765,17.981745]},"faces":{"east":{"uv":[3.5625,2.6875,4.625,4.25],"rotation":0,"texture":"#0","tintindex":0},"south":{"uv":[7.0,15.0625,5.9375,16.0],"rotation":0,"texture":"#0","tintindex":0},"north":{"uv":[7.25,15.0625,6.1875,16.0],"rotation":0,"texture":"#0","tintindex":0},"west":{"uv":[4.625,2.6875,3.5625,4.25],"rotation":0,"texture":"#0","tintindex":0},"up":{"uv":[6.75,16.0,7.8125,14.9375],"rotation":0,"texture":"#0","tintindex":0},"down":{"uv":[6.5625,14.9375,7.625,16.0],"rotation":0,"texture":"#0","tintindex":0}}},{"from":[7.917314,8.4286,6.8206325],"to":[7.9744573,25.571457,31.392063],"rotation":{"angle":0.0,"axis":"y","origin":[8.0,11.160765,17.981745]},"faces":{"east":{"uv":[8.4375,14.9375,5.75,13.0625],"rotation":0,"texture":"#0","tintindex":0},"south":{"uv":[0.0,0.0,0.00625,1.875],"rotation":0,"texture":"#0","tintindex":0},"north":{"uv":[0.0,0.0,0.00625,1.875],"rotation":0,"texture":"#0","tintindex":0},"west":{"uv":[5.75,14.9375,8.4375,13.0625],"rotation":0,"texture":"#0","tintindex":0},"up":{"uv":[0.0,0.0,0.00625,2.6875],"rotation":0,"texture":"#0","tintindex":0},"down":{"uv":[0.0,0.0,0.00625,2.6875],"rotation":0,"texture":"#0","tintindex":0}}}],"display":{"head":{"translation":[0.0,-6.4,8.000008],"scale":[4.0,4.0,4.0]}}}