{"textures":{"0":"modelengine:entity/sintia"},"elements":[{"from":[3.7142854,3.7142854,-1.4285717],"to":[13.428572,12.285715,8.285714],"rotation":{"angle":0.0,"axis":"y","origin":[7.5,7.9714284,3.4285712]},"faces":{"east":{"uv":[9.75,11.625,10.8125,12.5625],"rotation":0,"texture":"#0","tintindex":0},"south":{"uv":[12.6875,0.9375,11.625,1.875],"rotation":0,"texture":"#0","tintindex":0},"north":{"uv":[12.6875,0.9375,11.625,1.875],"rotation":0,"texture":"#0","tintindex":0},"west":{"uv":[10.8125,11.625,9.75,12.5625],"rotation":0,"texture":"#0","tintindex":0},"up":{"uv":[1.0625,8.1875,2.125,7.125],"rotation":0,"texture":"#0","tintindex":0},"down":{"uv":[9.875,10.5625,10.9375,11.625],"rotation":0,"texture":"#0","tintindex":0}}},{"from":[6.342857,12.228572,-1.4285717],"to":[6.5142856,26.514288,8.285714],"rotation":{"angle":0.0,"axis":"y","origin":[7.5,7.9714284,3.4285712]},"faces":{"east":{"uv":[3.5625,2.6875,4.625,4.25],"rotation":0,"texture":"#0","tintindex":0},"south":{"uv":[7.0,15.0625,5.9375,16.0],"rotation":0,"texture":"#0","tintindex":0},"north":{"uv":[7.25,15.0625,6.1875,16.0],"rotation":0,"texture":"#0","tintindex":0},"west":{"uv":[4.625,2.6875,3.5625,4.25],"rotation":0,"texture":"#0","tintindex":0},"up":{"uv":[6.75,16.0,7.8125,14.9375],"rotation":0,"texture":"#0","tintindex":0},"down":{"uv":[6.5625,14.9375,7.625,16.0],"rotation":0,"texture":"#0","tintindex":0}}}],"display":{"head":{"translation":[0.0,-6.4,0.0],"scale":[4.0,4.0,4.0]}}}