{"textures":{"0":"modelengine:entity/sintia"},"elements":[{"from":[4.271428,3.742857,-1.5714293],"to":[13.8714285,12.314286,8.142858],"rotation":{"angle":0.0,"axis":"y","origin":[8.0,8.0,3.2857141]},"faces":{"east":{"uv":[9.75,11.625,10.8125,12.5625],"rotation":0,"texture":"#0","tintindex":0},"south":{"uv":[12.6875,0.9375,11.625,1.875],"rotation":0,"texture":"#0","tintindex":0},"north":{"uv":[12.6875,0.9375,11.625,1.875],"rotation":0,"texture":"#0","tintindex":0},"west":{"uv":[10.8125,11.625,9.75,12.5625],"rotation":0,"texture":"#0","tintindex":0},"up":{"uv":[1.0625,8.1875,2.125,7.125],"rotation":0,"texture":"#0","tintindex":0},"down":{"uv":[9.875,10.5625,10.9375,11.625],"rotation":0,"texture":"#0","tintindex":0}}},{"from":[6.785714,12.257143,-1.5714293],"to":[7.0714283,26.542858,8.142858],"rotation":{"angle":0.0,"axis":"y","origin":[8.0,8.0,3.2857141]},"faces":{"east":{"uv":[3.5625,2.6875,4.625,4.25],"rotation":0,"texture":"#0","tintindex":0},"south":{"uv":[7.0,15.0625,5.9375,16.0],"rotation":0,"texture":"#0","tintindex":0},"north":{"uv":[7.25,15.0625,6.1875,16.0],"rotation":0,"texture":"#0","tintindex":0},"west":{"uv":[4.625,2.6875,3.5625,4.25],"rotation":0,"texture":"#0","tintindex":0},"up":{"uv":[6.75,16.0,7.8125,14.9375],"rotation":0,"texture":"#0","tintindex":0},"down":{"uv":[6.5625,14.9375,7.625,16.0],"rotation":0,"texture":"#0","tintindex":0}}}],"display":{"head":{"translation":[0.0,-6.4,0.0],"scale":[4.0,4.0,4.0]}}}