{"textures":{"0":"modelengine:entity/sintia"},"elements":[{"from":[2.0714283,3.742857,-1.7142859],"to":[11.785714,12.314286,8.0],"rotation":{"angle":0.0,"axis":"y","origin":[8.0,8.571428,3.142857]},"faces":{"east":{"uv":[9.75,11.625,10.8125,12.5625],"rotation":0,"texture":"#0","tintindex":0},"south":{"uv":[11.625,0.9375,12.6875,1.875],"rotation":0,"texture":"#0","tintindex":0},"north":{"uv":[11.625,0.9375,12.6875,1.875],"rotation":0,"texture":"#0","tintindex":0},"west":{"uv":[10.8125,11.625,9.75,12.5625],"rotation":0,"texture":"#0","tintindex":0},"up":{"uv":[2.125,8.1875,1.0625,7.125],"rotation":0,"texture":"#0","tintindex":0},"down":{"uv":[10.9375,10.5625,9.875,11.625],"rotation":0,"texture":"#0","tintindex":0}}},{"from":[8.928572,12.257143,-1.7142859],"to":[9.214286,26.542858,8.0],"rotation":{"angle":0.0,"axis":"y","origin":[8.0,8.571428,3.142857]},"faces":{"east":{"uv":[3.5625,2.6875,4.625,4.25],"rotation":0,"texture":"#0","tintindex":0},"south":{"uv":[5.9375,15.0625,7.0,16.0],"rotation":0,"texture":"#0","tintindex":0},"north":{"uv":[6.1875,15.0625,7.25,16.0],"rotation":0,"texture":"#0","tintindex":0},"west":{"uv":[4.625,2.6875,3.5625,4.25],"rotation":0,"texture":"#0","tintindex":0},"up":{"uv":[7.8125,16.0,6.75,14.9375],"rotation":0,"texture":"#0","tintindex":0},"down":{"uv":[7.625,14.9375,6.5625,16.0],"rotation":0,"texture":"#0","tintindex":0}}}],"display":{"head":{"translation":[0.0,-6.4,0.0],"scale":[4.0,4.0,4.0]}}}