{"textures":{"0":"modelengine:entity/sintia"},"elements":[{"from":[0.5714283,0.28571415,0.85714245],"to":[15.428572,14.571428,15.142858],"rotation":{"angle":0.0,"axis":"y","origin":[8.0,7.6142855,6.742857]},"faces":{"east":{"uv":[2.6875,8.25,4.25,9.8125],"rotation":0,"texture":"#0","tintindex":0},"south":{"uv":[9.0625,6.5625,7.4375,8.125],"rotation":0,"texture":"#0","tintindex":0},"north":{"uv":[7.4375,6.5625,9.0625,8.125],"rotation":0,"texture":"#0","tintindex":0},"west":{"uv":[4.25,8.25,2.6875,9.8125],"rotation":0,"texture":"#0","tintindex":0},"up":{"uv":[9.0625,9.6875,7.4375,8.125],"rotation":0,"texture":"#0","tintindex":0},"down":{"uv":[2.6875,8.25,1.0625,9.8125],"rotation":0,"texture":"#0","tintindex":0}}},{"from":[9.090015,15.640417,3.142857],"to":[9.261444,29.926134,12.857143],"rotation":{"angle":-22.5,"axis":"z","origin":[8.0,7.6142855,6.742857]},"faces":{"east":{"uv":[3.5625,2.6875,4.625,4.25],"rotation":0,"texture":"#0","tintindex":0},"south":{"uv":[5.9375,15.0625,7.0,16.0],"rotation":0,"texture":"#0","tintindex":0},"north":{"uv":[6.1875,15.0625,7.25,16.0],"rotation":0,"texture":"#0","tintindex":0},"west":{"uv":[4.625,2.6875,3.5625,4.25],"rotation":0,"texture":"#0","tintindex":0},"up":{"uv":[7.8125,16.0,6.75,14.9375],"rotation":0,"texture":"#0","tintindex":0},"down":{"uv":[7.625,14.9375,6.5625,16.0],"rotation":0,"texture":"#0","tintindex":0}}},{"from":[6.738556,15.640417,3.142857],"to":[6.9099846,29.926134,12.857143],"rotation":{"angle":22.5,"axis":"z","origin":[8.0,7.6142855,6.742857]},"faces":{"east":{"uv":[3.5625,2.6875,4.625,4.25],"rotation":0,"texture":"#0","tintindex":0},"south":{"uv":[7.0,15.0625,5.9375,16.0],"rotation":0,"texture":"#0","tintindex":0},"north":{"uv":[7.25,15.0625,6.1875,16.0],"rotation":0,"texture":"#0","tintindex":0},"west":{"uv":[4.625,2.6875,3.5625,4.25],"rotation":0,"texture":"#0","tintindex":0},"up":{"uv":[6.75,16.0,7.8125,14.9375],"rotation":0,"texture":"#0","tintindex":0},"down":{"uv":[6.5625,14.9375,7.625,16.0],"rotation":0,"texture":"#0","tintindex":0}}},{"from":[7.8,14.0,-0.22857189],"to":[7.9714284,31.314287,24.914288],"rotation":{"angle":0.0,"axis":"y","origin":[8.0,7.6142855,6.742857]},"faces":{"east":{"uv":[2.75,1.875,0.0,3.75],"rotation":0,"texture":"#0","tintindex":0},"south":{"uv":[2.375,13.4375,2.4375,15.3125],"rotation":0,"texture":"#0","tintindex":0},"north":{"uv":[13.0625,13.375,13.125,15.25],"rotation":0,"texture":"#0","tintindex":0},"west":{"uv":[0.0,1.875,2.75,3.75],"rotation":0,"texture":"#0","tintindex":0},"up":{"uv":[9.625,15.6875,9.5625,12.9375],"rotation":0,"texture":"#0","tintindex":0},"down":{"uv":[4.6875,13.0625,4.625,15.8125],"rotation":0,"texture":"#0","tintindex":0}}}],"display":{"head":{"translation":[0.0,-6.4,0.0],"scale":[4.0,4.0,4.0]}}}