{"textures":{"0":"modelengine:entity/sintia"},"elements":[{"from":[5.428571,-1.1428576,3.4285712],"to":[10.571428,7.428571,8.0],"rotation":{"angle":0.0,"axis":"y","origin":[8.0,3.142857,5.714286]},"faces":{"east":{"uv":[12.8125,6.5625,13.3125,7.5],"rotation":0,"texture":"#0","tintindex":0},"south":{"uv":[0.0,12.625,0.5625,13.5625],"rotation":0,"texture":"#0","tintindex":0},"north":{"uv":[0.5625,12.625,0.0,13.5625],"rotation":0,"texture":"#0","tintindex":0},"west":{"uv":[13.3125,6.5625,12.8125,7.5],"rotation":0,"texture":"#0","tintindex":0},"up":{"uv":[9.5625,13.4375,9.0,12.9375],"rotation":0,"texture":"#0","tintindex":0},"down":{"uv":[9.5625,12.9375,9.0,13.4375],"rotation":0,"texture":"#0","tintindex":0}}}],"display":{"head":{"translation":[0.0,-6.4,0.0],"scale":[4.0,4.0,4.0]}}}