{"textures":{"0":"modelengine:entity/sintia"},"elements":[{"from":[5.8,5.4399996,-7.214446],"to":[10.2,9.84,20.785555],"rotation":{"angle":0.0,"axis":"y","origin":[8.0,7.922545,6.5927763]},"faces":{"east":{"uv":[0.0,15.3125,4.375,16.0],"rotation":0,"texture":"#0","tintindex":0},"south":{"uv":[2.559375,15.3125,3.246875,16.0],"rotation":0,"texture":"#0","tintindex":0},"north":{"uv":[2.5625,15.3125,3.25,16.0],"rotation":0,"texture":"#0","tintindex":0},"west":{"uv":[4.375,15.3125,0.0,16.0],"rotation":0,"texture":"#0","tintindex":0},"up":{"uv":[14.1875,0.0,14.875,4.375],"rotation":0,"texture":"#0","tintindex":0},"down":{"uv":[14.1875,0.0,14.875,4.375],"rotation":0,"texture":"#0","tintindex":0}}},{"from":[7.94212,5.9000196,-3.6400023],"to":[7.98212,17.90002,13.559999],"rotation":{"angle":0.0,"axis":"y","origin":[8.0,7.922545,6.5927763]},"faces":{"east":{"uv":[8.4375,14.9375,5.75,13.0625],"rotation":0,"texture":"#0","tintindex":0},"south":{"uv":[0.0,0.0,0.00625,1.875],"rotation":0,"texture":"#0","tintindex":0},"north":{"uv":[0.0,0.0,0.00625,1.875],"rotation":0,"texture":"#0","tintindex":0},"west":{"uv":[5.75,14.9375,8.4375,13.0625],"rotation":0,"texture":"#0","tintindex":0},"up":{"uv":[0.0,0.0,0.00625,2.6875],"rotation":0,"texture":"#0","tintindex":0},"down":{"uv":[0.0,0.0,0.00625,2.6875],"rotation":0,"texture":"#0","tintindex":0}}},{"from":[7.94212,-1.3799801,13.999998],"to":[7.98212,16.620022,32.0],"rotation":{"angle":0.0,"axis":"y","origin":[8.0,7.922545,6.5927763]},"faces":{"east":{"uv":[16.0,16.0,13.1875,13.1875],"rotation":0,"texture":"#0","tintindex":0},"south":{"uv":[0.0,0.0,0.00625,1.875],"rotation":0,"texture":"#0","tintindex":0},"north":{"uv":[0.0,0.0,0.00625,1.875],"rotation":0,"texture":"#0","tintindex":0},"west":{"uv":[13.1875,16.0,16.0,13.1875],"rotation":0,"texture":"#0","tintindex":0},"up":{"uv":[0.0,0.0,0.00625,2.6875],"rotation":0,"texture":"#0","tintindex":0},"down":{"uv":[0.0,0.0,0.00625,2.6875],"rotation":0,"texture":"#0","tintindex":0}}},{"from":[8.532801,7.8251104,-0.41444588],"to":[8.652801,17.825111,6.3855543],"rotation":{"angle":-22.5,"axis":"z","origin":[8.0,7.922545,6.5927763]},"faces":{"east":{"uv":[3.5625,2.6875,4.625,4.25],"rotation":0,"texture":"#0","tintindex":0},"south":{"uv":[5.9375,15.0625,7.0,16.0],"rotation":0,"texture":"#0","tintindex":0},"north":{"uv":[6.1875,15.0625,7.25,16.0],"rotation":0,"texture":"#0","tintindex":0},"west":{"uv":[4.625,2.6875,3.5625,4.25],"rotation":0,"texture":"#0","tintindex":0},"up":{"uv":[7.8125,16.0,6.75,14.9375],"rotation":0,"texture":"#0","tintindex":0},"down":{"uv":[7.625,14.9375,6.5625,16.0],"rotation":0,"texture":"#0","tintindex":0}}},{"from":[7.3471994,7.8251104,-0.41444588],"to":[7.4671993,17.825111,6.3855543],"rotation":{"angle":22.5,"axis":"z","origin":[8.0,7.922545,6.5927763]},"faces":{"east":{"uv":[3.5625,2.6875,4.625,4.25],"rotation":0,"texture":"#0","tintindex":0},"south":{"uv":[7.0,15.0625,5.9375,16.0],"rotation":0,"texture":"#0","tintindex":0},"north":{"uv":[7.25,15.0625,6.1875,16.0],"rotation":0,"texture":"#0","tintindex":0},"west":{"uv":[4.625,2.6875,3.5625,4.25],"rotation":0,"texture":"#0","tintindex":0},"up":{"uv":[6.75,16.0,7.8125,14.9375],"rotation":0,"texture":"#0","tintindex":0},"down":{"uv":[6.5625,14.9375,7.625,16.0],"rotation":0,"texture":"#0","tintindex":0}}}],"display":{"head":{"translation":[0.0,-6.4,60.057785],"scale":[4.0,4.0,4.0]}}}