{
	"credit": "Made with Blockbench",
	"texture_size": [128, 128],
	"textures": {
		"0": "item/hats/verak/verak_hat",
		"particle": "item/hats/verak/verak_hat"
	},
	"elements": [
		{
			"from": [0.50938, 2.60624, 2.79124],
			"to": [15.50938, 14.60624, 15.79124],
			"rotation": {"angle": 0, "axis": "y", "origin": [7.8, 8.59385, 1.90096]},
			"faces": {
				"north": {"uv": [6.875, 0, 5, 1.5], "texture": "#0"},
				"east": {"uv": [5, 1.5, 6.625, 3], "texture": "#0"},
				"south": {"uv": [5, 0, 6.875, 1.5], "texture": "#0"},
				"west": {"uv": [6.625, 1.5, 5, 3], "texture": "#0"},
				"up": {"uv": [4.375, 5.875, 2.5, 4.25], "texture": "#0"},
				"down": {"uv": [4.375, 4.25, 2.5, 5.875], "texture": "#0"}
			}
		},
		{
			"from": [7.80938, 13.40624, -4.20876],
			"to": [7.90938, 25.40624, 12.79124],
			"rotation": {"angle": 0, "axis": "y", "origin": [8.65938, 8.80624, 9.29124]},
			"faces": {
				"north": {"uv": [1.25, 10.625, 1.375, 12.75], "texture": "#0"},
				"east": {"uv": [2.875, 0.5, 5, 2], "texture": "#0"},
				"south": {"uv": [1.375, 10.625, 1.5, 12.75], "texture": "#0"},
				"west": {"uv": [5, 0.5, 2.875, 2], "texture": "#0"},
				"up": {"uv": [9, 12.75, 8.875, 10.25], "texture": "#0"},
				"down": {"uv": [9.125, 10.25, 9, 12.75], "texture": "#0"}
			}
		},
		{
			"from": [7.70938, 8.60624, 2.79124],
			"to": [8.00938, 20.60624, 19.79124],
			"rotation": {"angle": 0, "axis": "y", "origin": [8.65938, 8.80624, 9.29124]},
			"faces": {
				"north": {"uv": [1.25, 10.625, 1.375, 12.75], "texture": "#0"},
				"east": {"uv": [2.875, 0.5, 5, 2], "texture": "#0"},
				"south": {"uv": [1.375, 10.625, 1.5, 12.75], "texture": "#0"},
				"west": {"uv": [5, 0.5, 2.875, 2], "texture": "#0"},
				"up": {"uv": [9, 12.75, 8.875, 10.25], "texture": "#0"},
				"down": {"uv": [9.125, 10.25, 9, 12.75], "texture": "#0"}
			}
		},
		{
			"from": [18.93111, -2.39376, 2.09072],
			"to": [19.03111, 16.60624, 22.09072],
			"rotation": {"angle": 22.5, "axis": "y", "origin": [18.98111, 6.50624, 17.29072]},
			"faces": {
				"north": {"uv": [7, 10.5, 7.125, 12.875], "texture": "#0"},
				"east": {"uv": [0, 0, 2.5, 2.375], "texture": "#0"},
				"south": {"uv": [1.125, 10.625, 1.25, 13], "texture": "#0"},
				"west": {"uv": [2.5, 0, 0, 2.375], "texture": "#0"},
				"up": {"uv": [9.25, 12.75, 9.125, 10.25], "texture": "#0"},
				"down": {"uv": [7, 10.5, 6.875, 13], "texture": "#0"}
			}
		},
		{
			"from": [18.93111, -2.39376, 1.09072],
			"to": [19.03111, 16.60624, 21.09072],
			"rotation": {"angle": 45, "axis": "y", "origin": [18.98111, 6.50624, 12.29072]},
			"faces": {
				"north": {"uv": [7, 10.5, 7.125, 12.875], "texture": "#0"},
				"east": {"uv": [0, 0, 2.5, 2.375], "texture": "#0"},
				"south": {"uv": [1.125, 10.625, 1.25, 13], "texture": "#0"},
				"west": {"uv": [2.5, 0, 0, 2.375], "texture": "#0"},
				"up": {"uv": [9.25, 12.75, 9.125, 10.25], "texture": "#0"},
				"down": {"uv": [7, 10.5, 6.875, 13], "texture": "#0"}
			}
		},
		{
			"from": [12.93111, -2.39376, 3.09072],
			"to": [13.03111, 16.60624, 23.09072],
			"rotation": {"angle": 45, "axis": "y", "origin": [12.98111, 6.50624, 14.29072]},
			"faces": {
				"north": {"uv": [7, 10.5, 7.125, 12.875], "texture": "#0"},
				"east": {"uv": [0, 0, 2.5, 2.375], "texture": "#0"},
				"south": {"uv": [1.125, 10.625, 1.25, 13], "texture": "#0"},
				"west": {"uv": [2.5, 0, 0, 2.375], "texture": "#0"},
				"up": {"uv": [9.25, 12.75, 9.125, 10.25], "texture": "#0"},
				"down": {"uv": [7, 10.5, 6.875, 13], "texture": "#0"}
			}
		},
		{
			"from": [12.93111, -2.39376, 4.09072],
			"to": [13.03111, 16.60624, 24.09072],
			"rotation": {"angle": 22.5, "axis": "y", "origin": [12.98111, 6.50624, 19.29072]},
			"faces": {
				"north": {"uv": [7, 10.5, 7.125, 12.875], "texture": "#0"},
				"east": {"uv": [0, 0, 2.5, 2.375], "texture": "#0"},
				"south": {"uv": [1.125, 10.625, 1.25, 13], "texture": "#0"},
				"west": {"uv": [2.5, 0, 0, 2.375], "texture": "#0"},
				"up": {"uv": [9.25, 12.75, 9.125, 10.25], "texture": "#0"},
				"down": {"uv": [7, 10.5, 6.875, 13], "texture": "#0"}
			}
		},
		{
			"from": [2.96889, -2.39376, 3.09072],
			"to": [3.06889, 16.60624, 23.09072],
			"rotation": {"angle": -45, "axis": "y", "origin": [3.01889, 6.50624, 14.29072]},
			"faces": {
				"north": {"uv": [7.125, 10.5, 7, 12.875], "texture": "#0"},
				"east": {"uv": [0, 0, 2.5, 2.375], "texture": "#0"},
				"south": {"uv": [1.25, 10.625, 1.125, 13], "texture": "#0"},
				"west": {"uv": [2.5, 0, 0, 2.375], "texture": "#0"},
				"up": {"uv": [9.125, 12.75, 9.25, 10.25], "texture": "#0"},
				"down": {"uv": [6.875, 10.5, 7, 13], "texture": "#0"}
			}
		},
		{
			"from": [2.96889, -2.39376, 4.09072],
			"to": [3.06889, 16.60624, 24.09072],
			"rotation": {"angle": -22.5, "axis": "y", "origin": [3.01889, 6.50624, 19.29072]},
			"faces": {
				"north": {"uv": [7.125, 10.5, 7, 12.875], "texture": "#0"},
				"east": {"uv": [0, 0, 2.5, 2.375], "texture": "#0"},
				"south": {"uv": [1.25, 10.625, 1.125, 13], "texture": "#0"},
				"west": {"uv": [2.5, 0, 0, 2.375], "texture": "#0"},
				"up": {"uv": [9.125, 12.75, 9.25, 10.25], "texture": "#0"},
				"down": {"uv": [6.875, 10.5, 7, 13], "texture": "#0"}
			}
		},
		{
			"from": [7.96889, -1.39376, 3.89072],
			"to": [8.06889, 17.60624, 23.89072],
			"rotation": {"angle": 0, "axis": "y", "origin": [8.01889, 5.50624, 14.29072]},
			"faces": {
				"north": {"uv": [7.125, 10.5, 7, 12.875], "texture": "#0"},
				"east": {"uv": [0, 0, 2.5, 2.375], "texture": "#0"},
				"south": {"uv": [1.25, 10.625, 1.125, 13], "texture": "#0"},
				"west": {"uv": [2.5, 0, 0, 2.375], "texture": "#0"},
				"up": {"uv": [9.125, 12.75, 9.25, 10.25], "texture": "#0"},
				"down": {"uv": [6.875, 10.5, 7, 13], "texture": "#0"}
			}
		},
		{
			"from": [-3.03111, -2.39376, 1.09072],
			"to": [-2.93111, 16.60624, 21.09072],
			"rotation": {"angle": -45, "axis": "y", "origin": [-2.98111, 6.50624, 12.29072]},
			"faces": {
				"north": {"uv": [7.125, 10.5, 7, 12.875], "texture": "#0"},
				"east": {"uv": [0, 0, 2.5, 2.375], "texture": "#0"},
				"south": {"uv": [1.25, 10.625, 1.125, 13], "texture": "#0"},
				"west": {"uv": [2.5, 0, 0, 2.375], "texture": "#0"},
				"up": {"uv": [9.125, 12.75, 9.25, 10.25], "texture": "#0"},
				"down": {"uv": [6.875, 10.5, 7, 13], "texture": "#0"}
			}
		},
		{
			"from": [-3.03111, -2.39376, 1.89072],
			"to": [-2.93111, 16.60624, 21.89072],
			"rotation": {"angle": -22.5, "axis": "y", "origin": [-2.98111, 6.50624, 17.09072]},
			"faces": {
				"north": {"uv": [7.125, 10.5, 7, 12.875], "texture": "#0"},
				"east": {"uv": [0, 0, 2.5, 2.375], "texture": "#0"},
				"south": {"uv": [1.25, 10.625, 1.125, 13], "texture": "#0"},
				"west": {"uv": [2.5, 0, 0, 2.375], "texture": "#0"},
				"up": {"uv": [9.125, 12.75, 9.25, 10.25], "texture": "#0"},
				"down": {"uv": [6.875, 10.5, 7, 13], "texture": "#0"}
			}
		},
		{
			"from": [4.8885, -1.53176, -0.85567],
			"to": [15.3441, 4.92621, 9.59994],
			"rotation": {"angle": -45, "axis": "y", "origin": [8, 9.09385, 2.40096]},
			"faces": {
				"north": {"uv": [5, 2.25, 6.25, 3], "texture": "#0"},
				"east": {"uv": [6.25, 2.25, 5, 3], "texture": "#0"},
				"south": {"uv": [5, 2.25, 6.25, 3], "texture": "#0"},
				"west": {"uv": [6.25, 2.25, 5, 3], "texture": "#0"},
				"up": {"uv": [6.5, 1.25, 5.25, 0], "texture": "#0"},
				"down": {"uv": [6.5, 1.25, 5.25, 0], "texture": "#0"}
			}
		},
		{
			"from": [4.83874, -2.53005, -1.40543],
			"to": [11.83874, 3.46995, 5.59457],
			"rotation": {"angle": -45, "axis": "y", "origin": [8, 8.79385, 1.90096]},
			"faces": {
				"north": {"uv": [5.125, 2.25, 6, 3], "texture": "#0"},
				"east": {"uv": [5.875, 2.25, 5, 3], "texture": "#0"},
				"south": {"uv": [5, 2.25, 5.875, 3], "texture": "#0"},
				"west": {"uv": [6, 2.25, 5.125, 3], "texture": "#0"},
				"up": {"uv": [5.875, 2.375, 5, 1.5], "texture": "#0"},
				"down": {"uv": [5.875, 1.5, 5, 2.375], "texture": "#0"}
			}
		},
		{
			"from": [4.83874, 3.4668, -1.40543],
			"to": [14.83874, 14.4668, 8.59457],
			"rotation": {"angle": -45, "axis": "y", "origin": [8, 8.79385, 1.90096]},
			"faces": {
				"north": {"uv": [6.625, 1.625, 5.375, 3], "texture": "#0"},
				"east": {"uv": [5.375, 1.625, 6.625, 3], "texture": "#0"},
				"south": {"uv": [5.375, 1.625, 6.625, 3], "texture": "#0"},
				"west": {"uv": [6.625, 1.625, 5.375, 3], "texture": "#0"},
				"up": {"uv": [6.375, 2.875, 5.125, 1.625], "texture": "#0"},
				"down": {"uv": [6.375, 1.625, 5.125, 2.875], "texture": "#0"}
			}
		},
		{
			"from": [8.65103, 0.43575, -4.12684],
			"to": [12.65103, 4.43575, -0.12684],
			"rotation": {"angle": -22.5, "axis": "z", "origin": [13.15103, 2.43575, -2.22684]},
			"faces": {
				"north": {"uv": [2.5, 10.75, 3, 11.25], "texture": "#0"},
				"east": {"uv": [10.75, 2.875, 11.25, 3.375], "texture": "#0"},
				"south": {"uv": [3, 10.75, 2.5, 11.25], "texture": "#0"},
				"west": {"uv": [10.75, 2.875, 11.25, 3.375], "texture": "#0"},
				"up": {"uv": [6.125, 11.25, 5.625, 10.75], "texture": "#0"},
				"down": {"uv": [6.125, 10.75, 5.625, 11.25], "texture": "#0"}
			}
		},
		{
			"from": [3.34897, 0.43575, -4.12684],
			"to": [7.34897, 4.43575, -0.12684],
			"rotation": {"angle": 22.5, "axis": "z", "origin": [2.84897, 2.43575, -2.22684]},
			"faces": {
				"north": {"uv": [3, 10.75, 2.5, 11.25], "texture": "#0"},
				"east": {"uv": [11.25, 2.875, 10.75, 3.375], "texture": "#0"},
				"south": {"uv": [2.5, 10.75, 3, 11.25], "texture": "#0"},
				"west": {"uv": [11.25, 2.875, 10.75, 3.375], "texture": "#0"},
				"up": {"uv": [5.625, 11.25, 6.125, 10.75], "texture": "#0"},
				"down": {"uv": [5.625, 10.75, 6.125, 11.25], "texture": "#0"}
			}
		},
		{
			"from": [11.08235, -2.26425, 0.87316],
			"to": [15.08235, 7.73575, 5.87316],
			"rotation": {"angle": 22.5, "axis": "z", "origin": [12.78235, 2.43575, 0.87316]},
			"faces": {
				"north": {"uv": [7.25, 9, 7.75, 10.25], "texture": "#0"},
				"east": {"uv": [0, 8.625, 0.625, 9.875], "texture": "#0"},
				"south": {"uv": [7.75, 9, 7.25, 10.25], "texture": "#0"},
				"west": {"uv": [0.625, 8.625, 0, 9.875], "texture": "#0"},
				"up": {"uv": [11, 11.125, 10.5, 10.5], "texture": "#0"},
				"down": {"uv": [0.5, 10.625, 0, 11.25], "texture": "#0"}
			}
		},
		{
			"from": [0.91765, -2.26425, 0.87316],
			"to": [4.91765, 7.73575, 5.87316],
			"rotation": {"angle": -22.5, "axis": "z", "origin": [3.21765, 2.43575, 0.87316]},
			"faces": {
				"north": {"uv": [7.75, 9, 7.25, 10.25], "texture": "#0"},
				"east": {"uv": [0, 8.625, 0.625, 9.875], "texture": "#0"},
				"south": {"uv": [7.25, 9, 7.75, 10.25], "texture": "#0"},
				"west": {"uv": [0.625, 8.625, 0, 9.875], "texture": "#0"},
				"up": {"uv": [10.5, 11.125, 11, 10.5], "texture": "#0"},
				"down": {"uv": [0, 10.625, 0.5, 11.25], "texture": "#0"}
			}
		},
		{
			"from": [10.16199, 2.76447, -2.17684],
			"to": [20.16199, 8.76447, 3.82316],
			"rotation": {"angle": 22.5, "axis": "z", "origin": [10, 3.59385, 1.90096]},
			"faces": {
				"north": {"uv": [7.875, 8, 9.125, 8.75], "texture": "#0"},
				"east": {"uv": [6.375, 9.75, 7.125, 10.5], "texture": "#0"},
				"south": {"uv": [9.125, 8, 7.875, 8.75], "texture": "#0"},
				"west": {"uv": [7.125, 9.75, 6.375, 10.5], "texture": "#0"},
				"up": {"uv": [3.5, 9.125, 2.25, 8.375], "texture": "#0"},
				"down": {"uv": [3.5, 8.375, 2.25, 9.125], "texture": "#0"}
			}
		},
		{
			"from": [-4.16199, 2.76447, -2.27684],
			"to": [5.83801, 8.76447, 3.72316],
			"rotation": {"angle": -22.5, "axis": "z", "origin": [6, 3.59385, 1.90096]},
			"faces": {
				"north": {"uv": [9.125, 8, 7.875, 8.75], "texture": "#0"},
				"east": {"uv": [6.375, 9.75, 7.125, 10.5], "texture": "#0"},
				"south": {"uv": [7.875, 8, 9.125, 8.75], "texture": "#0"},
				"west": {"uv": [7.125, 9.75, 6.375, 10.5], "texture": "#0"},
				"up": {"uv": [2.25, 9.125, 3.5, 8.375], "texture": "#0"},
				"down": {"uv": [2.25, 8.375, 3.5, 9.125], "texture": "#0"}
			}
		},
		{
			"from": [10.65103, 1.73575, -3.62684],
			"to": [15.85103, 5.73575, 1.37316],
			"rotation": {"angle": 22.5, "axis": "z", "origin": [15.15103, 3.43575, -2.12684]},
			"faces": {
				"north": {"uv": [0.5, 10.625, 1.125, 11.125], "texture": "#0"},
				"east": {"uv": [10.625, 0.625, 11.25, 1.125], "texture": "#0"},
				"south": {"uv": [1.125, 10.625, 0.5, 11.125], "texture": "#0"},
				"west": {"uv": [11.25, 0.625, 10.625, 1.125], "texture": "#0"},
				"up": {"uv": [10.75, 6.625, 10.125, 7.25], "texture": "#0"},
				"down": {"uv": [10.75, 6.625, 10.125, 7.25], "texture": "#0"}
			}
		},
		{
			"from": [0.14897, 1.73575, -3.62684],
			"to": [5.34897, 5.73575, 1.37316],
			"rotation": {"angle": -22.5, "axis": "z", "origin": [0.84897, 3.43575, -2.12684]},
			"faces": {
				"north": {"uv": [1.125, 10.625, 0.5, 11.125], "texture": "#0"},
				"east": {"uv": [10.625, 0.625, 11.25, 1.125], "texture": "#0"},
				"south": {"uv": [0.5, 10.625, 1.125, 11.125], "texture": "#0"},
				"west": {"uv": [11.25, 0.625, 10.625, 1.125], "texture": "#0"},
				"up": {"uv": [10.125, 6.625, 10.75, 7.25], "texture": "#0"},
				"down": {"uv": [10.125, 6.625, 10.75, 7.25], "texture": "#0"}
			}
		},
		{
			"from": [8.25103, 6.93575, -4.12684],
			"to": [17.25103, 12.93575, 1.87316],
			"rotation": {"angle": 22.5, "axis": "z", "origin": [12.15103, 8.93575, -2.22684]},
			"faces": {
				"north": {"uv": [8.5, 3.75, 9.625, 4.5], "texture": "#0"},
				"east": {"uv": [9.875, 0.625, 10.625, 1.375], "texture": "#0"},
				"south": {"uv": [9.625, 3.75, 8.5, 4.5], "texture": "#0"},
				"west": {"uv": [10.625, 0.625, 9.875, 1.375], "texture": "#0"},
				"up": {"uv": [4.625, 9.375, 3.5, 8.625], "texture": "#0"},
				"down": {"uv": [4.625, 8.625, 3.5, 9.375], "texture": "#0"}
			}
		},
		{
			"from": [-1.25103, 6.93575, -4.12684],
			"to": [7.74897, 12.93575, 1.87316],
			"rotation": {"angle": -22.5, "axis": "z", "origin": [3.84897, 8.93575, -2.22684]},
			"faces": {
				"north": {"uv": [9.625, 3.75, 8.5, 4.5], "texture": "#0"},
				"east": {"uv": [9.875, 0.625, 10.625, 1.375], "texture": "#0"},
				"south": {"uv": [8.5, 3.75, 9.625, 4.5], "texture": "#0"},
				"west": {"uv": [10.625, 0.625, 9.875, 1.375], "texture": "#0"},
				"up": {"uv": [3.5, 9.375, 4.625, 8.625], "texture": "#0"},
				"down": {"uv": [3.5, 8.625, 4.625, 9.375], "texture": "#0"}
			}
		},
		{
			"from": [6.08, 3.22676, -5.25924],
			"to": [10.08, 13.22676, -1.25924],
			"rotation": {"angle": 0, "axis": "y", "origin": [7.5, 7.59385, 1.90096]},
			"faces": {
				"north": {"uv": [9.625, 3.5, 10.125, 4.75], "texture": "#0"},
				"east": {"uv": [9.625, 3.5, 10.125, 4.75], "texture": "#0"},
				"south": {"uv": [10.125, 3.5, 9.625, 4.75], "texture": "#0"},
				"west": {"uv": [10.125, 3.5, 9.625, 4.75], "texture": "#0"},
				"up": {"uv": [11.25, 7, 10.75, 6.5], "texture": "#0"},
				"down": {"uv": [9.75, 10.75, 9.25, 11.25], "texture": "#0"}
			}
		},
		{
			"from": [6.08, 7.22676, -6.55924],
			"to": [10.08, 11.22676, -2.55924],
			"rotation": {"angle": 45, "axis": "z", "origin": [8.08, 9.22676, -4.55924]},
			"faces": {
				"north": {"uv": [3, 10.875, 3.5, 11.375], "texture": "#0"},
				"east": {"uv": [3.5, 10.875, 4, 11.375], "texture": "#0"},
				"south": {"uv": [3, 10.875, 3.5, 11.375], "texture": "#0"},
				"west": {"uv": [10.875, 4.375, 11.375, 4.875], "texture": "#0"},
				"up": {"uv": [5, 11.375, 4.5, 10.875], "texture": "#0"},
				"down": {"uv": [11.375, 4.875, 10.875, 5.375], "texture": "#0"}
			}
		},
		{
			"from": [6.88, 5.92676, -5.15924],
			"to": [11.88, 13.92676, -1.15924],
			"rotation": {"angle": -45, "axis": "z", "origin": [11.08, 8.22676, -3.55924]},
			"faces": {
				"north": {"uv": [1.875, 4.75, 2.5, 5.75], "texture": "#0"},
				"east": {"uv": [1.5, 10, 2, 11], "texture": "#0"},
				"south": {"uv": [2.5, 4.75, 1.875, 5.75], "texture": "#0"},
				"west": {"uv": [1.5, 10, 2, 11], "texture": "#0"},
				"up": {"uv": [11.25, 7.75, 10.625, 7.25], "texture": "#0"},
				"down": {"uv": [10.625, 7.25, 11.25, 7.75], "texture": "#0"}
			}
		},
		{
			"from": [4.12, 5.92676, -5.15924],
			"to": [9.12, 13.92676, -1.15924],
			"rotation": {"angle": 45, "axis": "z", "origin": [4.92, 8.22676, -3.55924]},
			"faces": {
				"north": {"uv": [2.5, 4.75, 1.875, 5.75], "texture": "#0"},
				"east": {"uv": [2, 10, 1.5, 11], "texture": "#0"},
				"south": {"uv": [1.875, 4.75, 2.5, 5.75], "texture": "#0"},
				"west": {"uv": [2, 10, 1.5, 11], "texture": "#0"},
				"up": {"uv": [10.625, 7.75, 11.25, 7.25], "texture": "#0"},
				"down": {"uv": [11.25, 7.25, 10.625, 7.75], "texture": "#0"}
			}
		},
		{
			"from": [5.58, -1.97324, -5.75924],
			"to": [10.58, 4.02676, -0.75924],
			"rotation": {"angle": -22.5, "axis": "x", "origin": [8.08, 3.22676, -3.55924]},
			"faces": {
				"north": {"uv": [10, 9, 10.625, 9.75], "texture": "#0"},
				"east": {"uv": [9.25, 10, 9.875, 10.75], "texture": "#0"},
				"south": {"uv": [10.625, 9, 10, 9.75], "texture": "#0"},
				"west": {"uv": [9.875, 10, 9.25, 10.75], "texture": "#0"},
				"up": {"uv": [6.875, 11.125, 6.25, 10.5], "texture": "#0"},
				"down": {"uv": [6.875, 10.5, 6.25, 11.125], "texture": "#0"}
			}
		},
		{
			"from": [5.68, 11.47324, -5.75924],
			"to": [10.68, 16.47324, -0.75924],
			"rotation": {"angle": 22.5, "axis": "x", "origin": [8.08, 12.47324, -3.55924]},
			"faces": {
				"north": {"uv": [5, 10.25, 5.625, 10.875], "texture": "#0"},
				"east": {"uv": [7.125, 10.25, 7.75, 10.875], "texture": "#0"},
				"south": {"uv": [5.625, 10.25, 5, 10.875], "texture": "#0"},
				"west": {"uv": [7.75, 10.25, 7.125, 10.875], "texture": "#0"},
				"up": {"uv": [6.875, 11.125, 6.25, 10.5], "texture": "#0"},
				"down": {"uv": [6.875, 10.5, 6.25, 11.125], "texture": "#0"}
			}
		},
		{
			"from": [6.08, -6.87324, -4.65924],
			"to": [10.08, -1.87324, -0.65924],
			"rotation": {"angle": -45, "axis": "x", "origin": [8.58, -0.77324, -3.55924]},
			"faces": {
				"north": {"uv": [10.625, 8.25, 11.125, 8.875], "texture": "#0"},
				"east": {"uv": [10.625, 8.875, 11.125, 9.5], "texture": "#0"},
				"south": {"uv": [11.125, 8.25, 10.625, 8.875], "texture": "#0"},
				"west": {"uv": [11.125, 8.875, 10.625, 9.5], "texture": "#0"},
				"up": {"uv": [5.5, 11.375, 5, 10.875], "texture": "#0"},
				"down": {"uv": [5.5, 10.875, 5, 11.375], "texture": "#0"}
			}
		},
		{
			"from": [12.23148, 5.61279, 0.724],
			"to": [20.28348, 16.34879, 8.776],
			"rotation": {"angle": -45, "axis": "z", "origin": [16, 16.2, 4.75]},
			"faces": {
				"north": {"uv": [6.875, 0, 7.875, 1.375], "texture": "#0"},
				"east": {"uv": [3.5, 7.25, 4.5, 8.625], "texture": "#0"},
				"south": {"uv": [7.875, 0, 6.875, 1.375], "texture": "#0"},
				"west": {"uv": [3.5, 7.25, 4.5, 8.625], "texture": "#0"},
				"up": {"uv": [8.5, 4.75, 7.5, 3.75], "texture": "#0"},
				"down": {"uv": [8.5, 3.75, 7.5, 4.75], "texture": "#0"}
			}
		},
		{
			"from": [12.53538, 14.09749, 1.395],
			"to": [19.24538, 20.47199, 8.105],
			"rotation": {"angle": -22.5, "axis": "z", "origin": [16, 16.2, 4.75]},
			"faces": {
				"north": {"uv": [2.375, 9.125, 3.25, 9.875], "texture": "#0"},
				"east": {"uv": [9.125, 7.25, 10, 8], "texture": "#0"},
				"south": {"uv": [3.25, 9.125, 2.375, 9.875], "texture": "#0"},
				"west": {"uv": [9.125, 7.25, 10, 8], "texture": "#0"},
				"up": {"uv": [9.625, 5.375, 8.75, 4.5], "texture": "#0"},
				"down": {"uv": [9.625, 4.5, 8.75, 5.375], "texture": "#0"}
			}
		},
		{
			"from": [16.85047, 14.47838, 2.066],
			"to": [24.90247, 20.85288, 7.434],
			"rotation": {"angle": 22.5, "axis": "z", "origin": [16, 16.2, 4.75]},
			"faces": {
				"north": {"uv": [8.875, 0.875, 9.875, 1.625], "texture": "#0"},
				"east": {"uv": [10.125, 3.25, 10.75, 4], "texture": "#0"},
				"south": {"uv": [9.875, 0.875, 8.875, 1.625], "texture": "#0"},
				"west": {"uv": [10.125, 3.25, 10.75, 4], "texture": "#0"},
				"up": {"uv": [10.75, 0.625, 9.75, 0], "texture": "#0"},
				"down": {"uv": [10.75, 0, 9.75, 0.625], "texture": "#0"}
			}
		},
		{
			"from": [-4.28348, 5.61279, 0.724],
			"to": [3.76852, 16.34879, 8.776],
			"rotation": {"angle": 45, "axis": "z", "origin": [0, 16.2, 4.75]},
			"faces": {
				"north": {"uv": [7.875, 0, 6.875, 1.375], "texture": "#0"},
				"east": {"uv": [4.5, 7.25, 3.5, 8.625], "texture": "#0"},
				"south": {"uv": [6.875, 0, 7.875, 1.375], "texture": "#0"},
				"west": {"uv": [4.5, 7.25, 3.5, 8.625], "texture": "#0"},
				"up": {"uv": [7.5, 4.75, 8.5, 3.75], "texture": "#0"},
				"down": {"uv": [7.5, 3.75, 8.5, 4.75], "texture": "#0"}
			}
		},
		{
			"from": [-3.24538, 14.09749, 1.395],
			"to": [3.46462, 20.47199, 8.105],
			"rotation": {"angle": 22.5, "axis": "z", "origin": [0, 16.2, 4.75]},
			"faces": {
				"north": {"uv": [3.25, 9.125, 2.375, 9.875], "texture": "#0"},
				"east": {"uv": [10, 7.25, 9.125, 8], "texture": "#0"},
				"south": {"uv": [2.375, 9.125, 3.25, 9.875], "texture": "#0"},
				"west": {"uv": [10, 7.25, 9.125, 8], "texture": "#0"},
				"up": {"uv": [8.75, 5.375, 9.625, 4.5], "texture": "#0"},
				"down": {"uv": [8.75, 4.5, 9.625, 5.375], "texture": "#0"}
			}
		},
		{
			"from": [-8.90247, 14.47838, 2.066],
			"to": [-0.85047, 20.85288, 7.434],
			"rotation": {"angle": -22.5, "axis": "z", "origin": [0, 16.2, 4.75]},
			"faces": {
				"north": {"uv": [9.875, 0.875, 8.875, 1.625], "texture": "#0"},
				"east": {"uv": [10.75, 3.25, 10.125, 4], "texture": "#0"},
				"south": {"uv": [8.875, 0.875, 9.875, 1.625], "texture": "#0"},
				"west": {"uv": [10.75, 3.25, 10.125, 4], "texture": "#0"},
				"up": {"uv": [9.75, 0.625, 10.75, 0], "texture": "#0"},
				"down": {"uv": [9.75, 0, 10.75, 0.625], "texture": "#0"}
			}
		},
		{
			"from": [3.41279, 0.31652, 0.724],
			"to": [14.14879, 8.36852, 8.776],
			"rotation": {"angle": -45, "axis": "z", "origin": [14, 4, 4.75]},
			"faces": {
				"north": {"uv": [6.875, 0, 7.875, 1.375], "rotation": 270, "texture": "#0"},
				"east": {"uv": [8.5, 4.75, 7.5, 3.75], "rotation": 90, "texture": "#0"},
				"south": {"uv": [7.875, 0, 6.875, 1.375], "rotation": 90, "texture": "#0"},
				"west": {"uv": [8.5, 3.75, 7.5, 4.75], "rotation": 90, "texture": "#0"},
				"up": {"uv": [3.5, 7.25, 4.5, 8.625], "rotation": 90, "texture": "#0"},
				"down": {"uv": [3.5, 7.25, 4.5, 8.625], "rotation": 90, "texture": "#0"}
			}
		},
		{
			"from": [11.89749, 0.75462, 1.395],
			"to": [18.27199, 7.46462, 8.105],
			"rotation": {"angle": -22.5, "axis": "z", "origin": [14, 4, 4.75]},
			"faces": {
				"north": {"uv": [2.375, 9.125, 3.25, 9.875], "rotation": 270, "texture": "#0"},
				"east": {"uv": [9.625, 5.375, 8.75, 4.5], "rotation": 90, "texture": "#0"},
				"south": {"uv": [3.25, 9.125, 2.375, 9.875], "rotation": 90, "texture": "#0"},
				"west": {"uv": [9.625, 4.5, 8.75, 5.375], "rotation": 90, "texture": "#0"},
				"up": {"uv": [9.125, 7.25, 10, 8], "rotation": 90, "texture": "#0"},
				"down": {"uv": [9.125, 7.25, 10, 8], "rotation": 90, "texture": "#0"}
			}
		},
		{
			"from": [12.27838, -4.90247, 2.066],
			"to": [18.65288, 3.14953, 7.434],
			"rotation": {"angle": 22.5, "axis": "z", "origin": [14, 4, 4.75]},
			"faces": {
				"north": {"uv": [8.875, 0.875, 9.875, 1.625], "rotation": 270, "texture": "#0"},
				"east": {"uv": [10.75, 0.625, 9.75, 0], "rotation": 90, "texture": "#0"},
				"south": {"uv": [9.875, 0.875, 8.875, 1.625], "rotation": 90, "texture": "#0"},
				"west": {"uv": [10.75, 0, 9.75, 0.625], "rotation": 90, "texture": "#0"},
				"up": {"uv": [10.125, 3.25, 10.75, 4], "rotation": 90, "texture": "#0"},
				"down": {"uv": [10.125, 3.25, 10.75, 4], "rotation": 90, "texture": "#0"}
			}
		},
		{
			"from": [-2.65288, -4.90247, 2.066],
			"to": [3.72162, 3.14953, 7.434],
			"rotation": {"angle": -22.5, "axis": "z", "origin": [2, 4, 4.75]},
			"faces": {
				"north": {"uv": [8.875, 1.625, 9.875, 0.875], "rotation": 270, "texture": "#0"},
				"east": {"uv": [10.75, 0.625, 9.75, 0], "rotation": 90, "texture": "#0"},
				"south": {"uv": [9.875, 1.625, 8.875, 0.875], "rotation": 90, "texture": "#0"},
				"west": {"uv": [10.75, 0, 9.75, 0.625], "rotation": 90, "texture": "#0"},
				"up": {"uv": [10.125, 4, 10.75, 3.25], "rotation": 90, "texture": "#0"},
				"down": {"uv": [10.125, 4, 10.75, 3.25], "rotation": 90, "texture": "#0"}
			}
		},
		{
			"from": [1.85121, 0.21652, 0.724],
			"to": [12.58721, 8.26852, 8.776],
			"rotation": {"angle": 45, "axis": "z", "origin": [2, 4, 4.75]},
			"faces": {
				"north": {"uv": [6.875, 1.375, 7.875, 0], "rotation": 270, "texture": "#0"},
				"east": {"uv": [8.5, 4.75, 7.5, 3.75], "rotation": 90, "texture": "#0"},
				"south": {"uv": [7.875, 1.375, 6.875, 0], "rotation": 90, "texture": "#0"},
				"west": {"uv": [8.5, 3.75, 7.5, 4.75], "rotation": 90, "texture": "#0"},
				"up": {"uv": [3.5, 8.625, 4.5, 7.25], "rotation": 90, "texture": "#0"},
				"down": {"uv": [3.5, 8.625, 4.5, 7.25], "rotation": 90, "texture": "#0"}
			}
		},
		{
			"from": [-2.27199, 0.75462, 1.395],
			"to": [4.10251, 7.46462, 8.105],
			"rotation": {"angle": 22.5, "axis": "z", "origin": [2, 4, 4.75]},
			"faces": {
				"north": {"uv": [2.375, 9.875, 3.25, 9.125], "rotation": 270, "texture": "#0"},
				"east": {"uv": [9.625, 5.375, 8.75, 4.5], "rotation": 90, "texture": "#0"},
				"south": {"uv": [3.25, 9.875, 2.375, 9.125], "rotation": 90, "texture": "#0"},
				"west": {"uv": [9.625, 4.5, 8.75, 5.375], "rotation": 90, "texture": "#0"},
				"up": {"uv": [9.125, 8, 10, 7.25], "rotation": 90, "texture": "#0"},
				"down": {"uv": [9.125, 8, 10, 7.25], "rotation": 90, "texture": "#0"}
			}
		},
		{
			"from": [7.06563, 4.49698, 4.645],
			"to": [12.44013, 11.20698, 11.355],
			"rotation": {"angle": -22.5, "axis": "z", "origin": [8, 8, 8]},
			"faces": {
				"north": {"uv": [9.875, 2.375, 10.5, 3.25], "texture": "#0"},
				"east": {"uv": [8.625, 8.75, 9.5, 9.625], "texture": "#0"},
				"south": {"uv": [10.5, 2.375, 9.875, 3.25], "texture": "#0"},
				"west": {"uv": [8.875, 0, 9.75, 0.875], "texture": "#0"},
				"up": {"uv": [6.25, 10.75, 5.625, 9.875], "texture": "#0"},
				"down": {"uv": [10.625, 1.375, 10, 2.25], "texture": "#0"}
			}
		},
		{
			"from": [6.26749, 0.50197, 5.316],
			"to": [12.64199, 7.55397, 10.684],
			"rotation": {"angle": 22.5, "axis": "z", "origin": [8, 8, 8]},
			"faces": {
				"north": {"uv": [4.125, 9.375, 4.875, 10.25], "texture": "#0"},
				"east": {"uv": [10, 7.25, 10.625, 8.125], "texture": "#0"},
				"south": {"uv": [4.875, 9.375, 4.125, 10.25], "texture": "#0"},
				"west": {"uv": [10, 8.125, 10.625, 9], "texture": "#0"},
				"up": {"uv": [10.875, 5.375, 10.125, 4.75], "texture": "#0"},
				"down": {"uv": [10.875, 5.375, 10.125, 6], "texture": "#0"}
			}
		}
	],
	"display": {
		"thirdperson_righthand": {
			"scale": [0.5, 0.5, 0.5]
		},
		"thirdperson_lefthand": {
			"scale": [0.5, 0.5, 0.5]
		},
		"firstperson_righthand": {
			"scale": [0.5, 0.5, 0.5]
		},
		"firstperson_lefthand": {
			"scale": [0.5, 0.5, 0.5]
		},
		"ground": {
			"translation": [0, 10.25, 0],
			"scale": [0.75, 0.75, 0.75]
		},
		"gui": {
			"rotation": [158.17, -36.65, 156.02],
			"translation": [0.5, -1, 0],
			"scale": [0.43, 0.43, 0.43]
		},
		"head": {
			"translation": [0, 2.25, 0]
		},
		"fixed": {
			"translation": [0, -0.5, -0.75]
		}
	},
	"groups": [
		{
			"name": "dreshtark_hat",
			"origin": [-5.25678, 15.85855, 2.44475],
			"color": 0,
			"children": [0, 1, 2, 3, 4, 5, 6, 7, 8, 9, 10, 11, 12, 13, 14, 15, 16, 17, 18, 19, 20, 21, 22, 23, 24, 25, 26, 27, 28, 29, 30, 31, 32, 33, 34, 35, 36, 37, 38, 39, 40, 41, 42, 43, 44, 45]
		}
	]
}